episode_reward_max,episode_reward_min,episode_reward_mean,episode_len_mean,episodes_this_iter,num_healthy_workers,timesteps_total,agent_timesteps_total,done,episodes_total,training_iteration,experiment_id,date,timestamp,time_this_iter_s,time_total_s,pid,hostname,node_ip,time_since_restore,timesteps_since_restore,iterations_since_restore,hist_stats/episode_reward,hist_stats/episode_lengths,sampler_perf/mean_raw_obs_processing_ms,sampler_perf/mean_inference_ms,sampler_perf/mean_action_processing_ms,sampler_perf/mean_env_wait_ms,sampler_perf/mean_env_render_ms,timers/sample_time_ms,timers/sample_throughput,timers/load_time_ms,timers/load_throughput,timers/learn_time_ms,timers/learn_throughput,timers/update_time_ms,info/num_steps_sampled,info/num_agent_steps_sampled,info/num_steps_trained,info/num_agent_steps_trained,perf/cpu_util_percent,perf/ram_util_percent,info/learner/default_policy/learner_stats/allreduce_latency,info/learner/default_policy/learner_stats/cur_kl_coeff,info/learner/default_policy/learner_stats/cur_lr,info/learner/default_policy/learner_stats/total_loss,info/learner/default_policy/learner_stats/policy_loss,info/learner/default_policy/learner_stats/vf_loss,info/learner/default_policy/learner_stats/vf_explained_var,info/learner/default_policy/learner_stats/kl,info/learner/default_policy/learner_stats/entropy,info/learner/default_policy/learner_stats/entropy_coeff
-830.8005234870601,-915.6307636309125,-879.0061659380792,200.0,20,2,4000,4000,False,20,1,62f0d64527be4437b1317a44d00fb232,2021-09-16_23-26-22,1631859982,14.61532998085022,14.61532998085022,6801,a057c1642c41,172.17.0.2,14.61532998085022,0,1,"[-865.8752320715818, -870.5835160492912, -893.706213701819, -901.858726402406, -865.3050960494351, -871.4676579220816, -875.3687502944238, -862.6335638979708, -892.7186186719773, -900.300995350418, -915.6307636309125, -830.8005234870601, -905.5203083876195, -842.8664345243387, -906.5867127010005, -900.0220803215195, -877.1659917335403, -854.0980872236433, -850.6957179464428, -896.918328394102]","[200, 200, 200, 200, 200, 200, 200, 200, 200, 200, 200, 200, 200, 200, 200, 200, 200, 200, 200, 200]",0.09275471669682735,1.3627580021215286,0.06422562816034612,0.594734847694561,0.0,4372.337,914.843,0.069,58254222.222,10234.296,390.843,2.501,4000,4000,4000,4000,40.47142857142857,16.661904761904765,0.0,0.20000000000000004,5.0000000000000016e-05,73601.9629452285,-0.045451861861792786,73602.00544354839,[-0.00307299],0.015191924166777997,4.143930384933308,0.0
-830.8005234870601,-922.9834810826669,-879.2954542807536,200.0,20,2,8000,8000,False,40,2,62f0d64527be4437b1317a44d00fb232,2021-09-16_23-26-39,1631859999,16.603500366210938,31.218830347061157,6801,a057c1642c41,172.17.0.2,31.218830347061157,0,2,"[-865.8752320715818, -870.5835160492912, -893.706213701819, -901.858726402406, -865.3050960494351, -871.4676579220816, -875.3687502944238, -862.6335638979708, -892.7186186719773, -900.300995350418, -915.6307636309125, -830.8005234870601, -905.5203083876195, -842.8664345243387, -906.5867127010005, -900.0220803215195, -877.1659917335403, -854.0980872236433, -850.6957179464428, -896.918328394102, -874.1293389131039, -878.2945536012744, -881.837325873388, -851.6192644610027, -892.3061012169094, -922.9834810826669, -914.8235720255451, -858.3692098727724, -902.7724217565237, -853.636313966363, -860.5666628026074, -881.0867864267674, -911.4212027483449, -910.2285923653292, -848.1183835793786, -881.7886658589671, -868.161345445398, -891.0149792294701, -839.7208231512449, -868.8158280915018]","[200, 200, 200, 200, 200, 200, 200, 200, 200, 200, 200, 200, 200, 200, 200, 200, 200, 200, 200, 200, 200, 200, 200, 200, 200, 200, 200, 200, 200, 200, 200, 200, 200, 200, 200, 200, 200, 200, 200, 200]",0.0984530173168198,1.4536498212856244,0.06878911177210749,0.61918285247742,0.0,4872.015,821.016,0.062,64902189.555,10728.699,372.832,2.243,8000,8000,8000,8000,41.0,16.8,0.0,0.20000000000000004,5.0000000000000016e-05,69279.47151377688,-0.0549120434755159,69279.52362651209,[-0.00391581],0.014059754817706719,4.122872283894528,0.0
-830.8005234870601,-924.6748145608246,-878.7053853013803,200.0,20,2,12000,12000,False,60,3,62f0d64527be4437b1317a44d00fb232,2021-09-16_23-26-55,1631860015,16.383944988250732,47.60277533531189,6801,a057c1642c41,172.17.0.2,47.60277533531189,0,3,"[-865.8752320715818, -870.5835160492912, -893.706213701819, -901.858726402406, -865.3050960494351, -871.4676579220816, -875.3687502944238, -862.6335638979708, -892.7186186719773, -900.300995350418, -915.6307636309125, -830.8005234870601, -905.5203083876195, -842.8664345243387, -906.5867127010005, -900.0220803215195, -877.1659917335403, -854.0980872236433, -850.6957179464428, -896.918328394102, -874.1293389131039, -878.2945536012744, -881.837325873388, -851.6192644610027, -892.3061012169094, -922.9834810826669, -914.8235720255451, -858.3692098727724, -902.7724217565237, -853.636313966363, -860.5666628026074, -881.0867864267674, -911.4212027483449, -910.2285923653292, -848.1183835793786, -881.7886658589671, -868.161345445398, -891.0149792294701, -839.7208231512449, -868.8158280915018, -893.2739939258662, -886.000085757651, -857.7941322979985, -870.4948556053097, -896.6886691674166, -881.4919075253007, -874.0129840039114, -859.3174002608451, -878.1363392464045, -891.5949664120585, -865.5273589195866, -866.7101181421599, -886.8669801134643, -924.6748145608246, -857.5004565008431, -837.6101716492748, -850.483306236734, -909.9915367821081, -874.4353526194215, -887.8995171254936]","[200, 200, 200, 200, 200, 200, 200, 200, 200, 200, 200, 200, 200, 200, 200, 200, 200, 200, 200, 200, 200, 200, 200, 200, 200, 200, 200, 200, 200, 200, 200, 200, 200, 200, 200, 200, 200, 200, 200, 200, 200, 200, 200, 200, 200, 200, 200, 200, 200, 200, 200, 200, 200, 200, 200, 200, 200, 200, 200, 200]",0.10093167730812477,1.4961323210583097,0.0709714475917834,0.6263556292718697,0.0,4928.573,811.594,0.063,63953809.403,10929.865,365.97,2.279,12000,12000,12000,12000,41.300000000000004,16.8,0.0,0.20000000000000004,5.0000000000000016e-05,64705.67863743279,-0.0521794399677185,64705.72819640457,[-0.0130142],0.013178565024891531,4.101239113141132,0.0
-830.8005234870601,-926.3661480389823,-879.6452496145018,200.0,20,2,16000,16000,False,80,4,62f0d64527be4437b1317a44d00fb232,2021-09-16_23-27-11,1631860031,15.979074001312256,63.581849336624146,6801,a057c1642c41,172.17.0.2,63.581849336624146,0,4,"[-865.8752320715818, -870.5835160492912, -893.706213701819, -901.858726402406, -865.3050960494351, -871.4676579220816, -875.3687502944238, -862.6335638979708, -892.7186186719773, -900.300995350418, -915.6307636309125, -830.8005234870601, -905.5203083876195, -842.8664345243387, -906.5867127010005, -900.0220803215195, -877.1659917335403, -854.0980872236433, -850.6957179464428, -896.918328394102, -874.1293389131039, -878.2945536012744, -881.837325873388, -851.6192644610027, -892.3061012169094, -922.9834810826669, -914.8235720255451, -858.3692098727724, -902.7724217565237, -853.636313966363, -860.5666628026074, -881.0867864267674, -911.4212027483449, -910.2285923653292, -848.1183835793786, -881.7886658589671, -868.161345445398, -891.0149792294701, -839.7208231512449, -868.8158280915018, -893.2739939258662, -886.000085757651, -857.7941322979985, -870.4948556053097, -896.6886691674166, -881.4919075253007, -874.0129840039114, -859.3174002608451, -878.1363392464045, -891.5949664120585, -865.5273589195866, -866.7101181421599, -886.8669801134643, -924.6748145608246, -857.5004565008431, -837.6101716492748, -850.483306236734, -909.9915367821081, -874.4353526194215, -887.8995171254936, -905.2906491609331, -877.3784034432495, -863.7843148353088, -833.4917579594091, -873.465005106557, -893.5750660795566, -841.424462593752, -902.6585216512386, -926.3661480389823, -869.7295234456193, -845.0096900993343, -887.2222496219941, -909.5273087209206, -899.7056196669686, -893.7480731474963, -894.3502493996893, -910.0832797626006, -908.0385357920294, -859.6092170418837, -854.8387755098211]","[200, 200, 200, 200, 200, 200, 200, 200, 200, 200, 200, 200, 200, 200, 200, 200, 200, 200, 200, 200, 200, 200, 200, 200, 200, 200, 200, 200, 200, 200, 200, 200, 200, 200, 200, 200, 200, 200, 200, 200, 200, 200, 200, 200, 200, 200, 200, 200, 200, 200, 200, 200, 200, 200, 200, 200, 200, 200, 200, 200, 200, 200, 200, 200, 200, 200, 200, 200, 200, 200, 200, 200, 200, 200, 200, 200, 200, 200, 200, 200]",0.10235360722602171,1.5198302482875963,0.0722537014484684,0.627759508278652,0.0,4924.727,812.228,0.06,66510271.556,10961.475,364.914,2.317,16000,16000,16000,16000,41.09130434782608,16.800000000000004,0.0,0.20000000000000004,5.0000000000000016e-05,60304.135798891126,-0.06102943420159801,60304.1935609879,[-0.00760491],0.014787846080134583,4.083450905481974,0.0
-830.8005234870601,-926.3661480389823,-878.100676578543,200.0,20,2,20000,20000,False,100,5,62f0d64527be4437b1317a44d00fb232,2021-09-16_23-27-26,1631860046,15.157013893127441,78.73886322975159,6801,a057c1642c41,172.17.0.2,78.73886322975159,0,5,"[-865.8752320715818, -870.5835160492912, -893.706213701819, -901.858726402406, -865.3050960494351, -871.4676579220816, -875.3687502944238, -862.6335638979708, -892.7186186719773, -900.300995350418, -915.6307636309125, -830.8005234870601, -905.5203083876195, -842.8664345243387, -906.5867127010005, -900.0220803215195, -877.1659917335403, -854.0980872236433, -850.6957179464428, -896.918328394102, -874.1293389131039, -878.2945536012744, -881.837325873388, -851.6192644610027, -892.3061012169094, -922.9834810826669, -914.8235720255451, -858.3692098727724, -902.7724217565237, -853.636313966363, -860.5666628026074, -881.0867864267674, -911.4212027483449, -910.2285923653292, -848.1183835793786, -881.7886658589671, -868.161345445398, -891.0149792294701, -839.7208231512449, -868.8158280915018, -893.2739939258662, -886.000085757651, -857.7941322979985, -870.4948556053097, -896.6886691674166, -881.4919075253007, -874.0129840039114, -859.3174002608451, -878.1363392464045, -891.5949664120585, -865.5273589195866, -866.7101181421599, -886.8669801134643, -924.6748145608246, -857.5004565008431, -837.6101716492748, -850.483306236734, -909.9915367821081, -874.4353526194215, -887.8995171254936, -905.2906491609331, -877.3784034432495, -863.7843148353088, -833.4917579594091, -873.465005106557, -893.5750660795566, -841.424462593752, -902.6585216512386, -926.3661480389823, -869.7295234456193, -845.0096900993343, -887.2222496219941, -909.5273087209206, -899.7056196669686, -893.7480731474963, -894.3502493996893, -910.0832797626006, -908.0385357920294, -859.6092170418837, -854.8387755098211, -849.9870379454994, -850.9549306544563, -899.6095628664519, -891.8911289579339, -881.6920132706593, -897.9256257448288, -896.2225820901125, -865.2755425681081, -834.2915532082415, -850.9524439057365, -902.5969598846764, -869.3564106323215, -883.3734955883748, -845.5355118718961, -875.178495709507, -870.6998709584833, -884.2896457463996, -859.7422236802627, -859.2810462107738, -869.5916071994257]","[200, 200, 200, 200, 200, 200, 200, 200, 200, 200, 200, 200, 200, 200, 200, 200, 200, 200, 200, 200, 200, 200, 200, 200, 200, 200, 200, 200, 200, 200, 200, 200, 200, 200, 200, 200, 200, 200, 200, 200, 200, 200, 200, 200, 200, 200, 200, 200, 200, 200, 200, 200, 200, 200, 200, 200, 200, 200, 200, 200, 200, 200, 200, 200, 200, 200, 200, 200, 200, 200, 200, 200, 200, 200, 200, 200, 200, 200, 200, 200, 200, 200, 200, 200, 200, 200, 200, 200, 200, 200, 200, 200, 200, 200, 200, 200, 200, 200, 200, 200]",0.10313428685149524,1.5334935017550628,0.07303260408040788,0.6260942891712501,0.0,4891.302,817.778,0.069,57972411.887,10847.444,368.75,2.235,20000,20000,20000,20000,40.50476190476191,16.823809523809523,0.0,0.20000000000000004,5.0000000000000016e-05,54663.66760122648,-0.06188426067131341,54663.72626848118,[-0.0285773],0.01624129397084418,4.051009737548008,0.0
-776.0842958107486,-926.3661480389823,-876.0835426519982,200.0,20,2,24000,24000,False,120,6,62f0d64527be4437b1317a44d00fb232,2021-09-16_23-27-43,1631860063,16.22597050666809,94.96483373641968,6801,a057c1642c41,172.17.0.2,94.96483373641968,0,6,"[-874.1293389131039, -878.2945536012744, -881.837325873388, -851.6192644610027, -892.3061012169094, -922.9834810826669, -914.8235720255451, -858.3692098727724, -902.7724217565237, -853.636313966363, -860.5666628026074, -881.0867864267674, -911.4212027483449, -910.2285923653292, -848.1183835793786, -881.7886658589671, -868.161345445398, -891.0149792294701, -839.7208231512449, -868.8158280915018, -893.2739939258662, -886.000085757651, -857.7941322979985, -870.4948556053097, -896.6886691674166, -881.4919075253007, -874.0129840039114, -859.3174002608451, -878.1363392464045, -891.5949664120585, -865.5273589195866, -866.7101181421599, -886.8669801134643, -924.6748145608246, -857.5004565008431, -837.6101716492748, -850.483306236734, -909.9915367821081, -874.4353526194215, -887.8995171254936, -905.2906491609331, -877.3784034432495, -863.7843148353088, -833.4917579594091, -873.465005106557, -893.5750660795566, -841.424462593752, -902.6585216512386, -926.3661480389823, -869.7295234456193, -845.0096900993343, -887.2222496219941, -909.5273087209206, -899.7056196669686, -893.7480731474963, -894.3502493996893, -910.0832797626006, -908.0385357920294, -859.6092170418837, -854.8387755098211, -849.9870379454994, -850.9549306544563, -899.6095628664519, -891.8911289579339, -881.6920132706593, -897.9256257448288, -896.2225820901125, -865.2755425681081, -834.2915532082415, -850.9524439057365, -902.5969598846764, -869.3564106323215, -883.3734955883748, -845.5355118718961, -875.178495709507, -870.6998709584833, -884.2896457463996, -859.7422236802627, -859.2810462107738, -869.5916071994257, -882.6352621061042, -851.8488917428766, -897.9502376735288, -776.0842958107486, -880.3584041049392, -879.6078646583186, -852.4615468881162, -838.5208164116942, -872.1787927269324, -882.8747724932324, -875.7092270898834, -885.721170728753, -874.4452037798641, -834.7588638059397, -880.3559493010315, -883.5409653158958, -852.491068424631, -887.1902413367592, -887.8841286246329, -901.7922230832166]","[200, 200, 200, 200, 200, 200, 200, 200, 200, 200, 200, 200, 200, 200, 200, 200, 200, 200, 200, 200, 200, 200, 200, 200, 200, 200, 200, 200, 200, 200, 200, 200, 200, 200, 200, 200, 200, 200, 200, 200, 200, 200, 200, 200, 200, 200, 200, 200, 200, 200, 200, 200, 200, 200, 200, 200, 200, 200, 200, 200, 200, 200, 200, 200, 200, 200, 200, 200, 200, 200, 200, 200, 200, 200, 200, 200, 200, 200, 200, 200, 200, 200, 200, 200, 200, 200, 200, 200, 200, 200, 200, 200, 200, 200, 200, 200, 200, 200, 200, 200]",0.10596643855401937,1.5816154107262144,0.07553144935748589,0.6306716675999072,0.0,4919.118,813.154,0.077,51622203.077,10899.113,367.002,2.36,24000,24000,24000,24000,41.666666666666664,16.879166666666666,0.0,0.20000000000000004,5.0000000000000016e-05,51415.12485719086,-0.060174536730553355,51415.18208375336,[-0.03309473],0.015008972782558788,4.019973486213274,0.0
-776.0842958107486,-926.3661480389823,-876.8689440252033,200.0,20,2,28000,28000,False,140,7,62f0d64527be4437b1317a44d00fb232,2021-09-16_23-28-00,1631860080,17.21582841873169,112.18066215515137,6801,a057c1642c41,172.17.0.2,112.18066215515137,0,7,"[-893.2739939258662, -886.000085757651, -857.7941322979985, -870.4948556053097, -896.6886691674166, -881.4919075253007, -874.0129840039114, -859.3174002608451, -878.1363392464045, -891.5949664120585, -865.5273589195866, -866.7101181421599, -886.8669801134643, -924.6748145608246, -857.5004565008431, -837.6101716492748, -850.483306236734, -909.9915367821081, -874.4353526194215, -887.8995171254936, -905.2906491609331, -877.3784034432495, -863.7843148353088, -833.4917579594091, -873.465005106557, -893.5750660795566, -841.424462593752, -902.6585216512386, -926.3661480389823, -869.7295234456193, -845.0096900993343, -887.2222496219941, -909.5273087209206, -899.7056196669686, -893.7480731474963, -894.3502493996893, -910.0832797626006, -908.0385357920294, -859.6092170418837, -854.8387755098211, -849.9870379454994, -850.9549306544563, -899.6095628664519, -891.8911289579339, -881.6920132706593, -897.9256257448288, -896.2225820901125, -865.2755425681081, -834.2915532082415, -850.9524439057365, -902.5969598846764, -869.3564106323215, -883.3734955883748, -845.5355118718961, -875.178495709507, -870.6998709584833, -884.2896457463996, -859.7422236802627, -859.2810462107738, -869.5916071994257, -882.6352621061042, -851.8488917428766, -897.9502376735288, -776.0842958107486, -880.3584041049392, -879.6078646583186, -852.4615468881162, -838.5208164116942, -872.1787927269324, -882.8747724932324, -875.7092270898834, -885.721170728753, -874.4452037798641, -834.7588638059397, -880.3559493010315, -883.5409653158958, -852.491068424631, -887.1902413367592, -887.8841286246329, -901.7922230832166, -874.3195934980203, -828.3980552040515, -843.0369867883705, -899.947584858004, -907.1426837426803, -823.581408461475, -916.5740124663572, -883.9534827709631, -885.4773465216007, -876.3273876307293, -886.526503318004, -898.2069955776349, -885.8375256379452, -875.4795678631978, -867.8633238834062, -905.1428817542973, -900.0590301593819, -910.710067943494, -907.0854357961425, -894.5651159133058]","[200, 200, 200, 200, 200, 200, 200, 200, 200, 200, 200, 200, 200, 200, 200, 200, 200, 200, 200, 200, 200, 200, 200, 200, 200, 200, 200, 200, 200, 200, 200, 200, 200, 200, 200, 200, 200, 200, 200, 200, 200, 200, 200, 200, 200, 200, 200, 200, 200, 200, 200, 200, 200, 200, 200, 200, 200, 200, 200, 200, 200, 200, 200, 200, 200, 200, 200, 200, 200, 200, 200, 200, 200, 200, 200, 200, 200, 200, 200, 200, 200, 200, 200, 200, 200, 200, 200, 200, 200, 200, 200, 200, 200, 200, 200, 200, 200, 200, 200, 200]",0.1070322964857785,1.5997687477616693,0.07651063998838052,0.625988111485944,0.0,5001.535,799.754,0.075,53309356.332,11015.185,363.135,2.321,28000,28000,28000,28000,41.25416666666666,16.875,0.0,0.20000000000000004,5.0000000000000016e-05,48740.96473874328,-0.06294084424002756,48741.02457577285,[-0.03079802],0.01519454402057593,3.9990028981239565,0.0
-776.0842958107486,-926.3661480389823,-876.4265858871136,200.0,20,2,32000,32000,False,160,8,62f0d64527be4437b1317a44d00fb232,2021-09-16_23-28-18,1631860098,17.661190271377563,129.84185242652893,6801,a057c1642c41,172.17.0.2,129.84185242652893,0,8,"[-905.2906491609331, -877.3784034432495, -863.7843148353088, -833.4917579594091, -873.465005106557, -893.5750660795566, -841.424462593752, -902.6585216512386, -926.3661480389823, -869.7295234456193, -845.0096900993343, -887.2222496219941, -909.5273087209206, -899.7056196669686, -893.7480731474963, -894.3502493996893, -910.0832797626006, -908.0385357920294, -859.6092170418837, -854.8387755098211, -849.9870379454994, -850.9549306544563, -899.6095628664519, -891.8911289579339, -881.6920132706593, -897.9256257448288, -896.2225820901125, -865.2755425681081, -834.2915532082415, -850.9524439057365, -902.5969598846764, -869.3564106323215, -883.3734955883748, -845.5355118718961, -875.178495709507, -870.6998709584833, -884.2896457463996, -859.7422236802627, -859.2810462107738, -869.5916071994257, -882.6352621061042, -851.8488917428766, -897.9502376735288, -776.0842958107486, -880.3584041049392, -879.6078646583186, -852.4615468881162, -838.5208164116942, -872.1787927269324, -882.8747724932324, -875.7092270898834, -885.721170728753, -874.4452037798641, -834.7588638059397, -880.3559493010315, -883.5409653158958, -852.491068424631, -887.1902413367592, -887.8841286246329, -901.7922230832166, -874.3195934980203, -828.3980552040515, -843.0369867883705, -899.947584858004, -907.1426837426803, -823.581408461475, -916.5740124663572, -883.9534827709631, -885.4773465216007, -876.3273876307293, -886.526503318004, -898.2069955776349, -885.8375256379452, -875.4795678631978, -867.8633238834062, -905.1428817542973, -900.0590301593819, -910.710067943494, -907.0854357961425, -894.5651159133058, -845.8144269007939, -875.8477710686809, -882.3366447563214, -911.3916492670176, -855.3695068901982, -869.1593874234732, -871.4430140485699, -897.5999097176264, -855.7327685430539, -902.9823786623249, -874.455054940306, -883.3285536061866, -863.9991813489254, -911.1324365590042, -868.7844155940581, -860.2705002567321, -856.196996604241, -858.7595382582366, -892.3430510547716, -869.3219475431788]","[200, 200, 200, 200, 200, 200, 200, 200, 200, 200, 200, 200, 200, 200, 200, 200, 200, 200, 200, 200, 200, 200, 200, 200, 200, 200, 200, 200, 200, 200, 200, 200, 200, 200, 200, 200, 200, 200, 200, 200, 200, 200, 200, 200, 200, 200, 200, 200, 200, 200, 200, 200, 200, 200, 200, 200, 200, 200, 200, 200, 200, 200, 200, 200, 200, 200, 200, 200, 200, 200, 200, 200, 200, 200, 200, 200, 200, 200, 200, 200, 200, 200, 200, 200, 200, 200, 200, 200, 200, 200, 200, 200, 200, 200, 200, 200, 200, 200, 200, 200]",0.10800815590673205,1.6161424922366683,0.07736275176772611,0.6222455854484987,0.0,5068.52,789.185,0.078,51582524.212,11152.682,358.658,2.309,32000,32000,32000,32000,41.39999999999999,16.9,0.0,0.20000000000000004,5.0000000000000016e-05,44566.80775369624,-0.06119803903293946,44566.865927419356,[-0.08229006],0.015302285038460367,3.9654403437850294,0.0
-776.0842958107486,-916.5740124663572,-874.3130755680687,200.0,20,2,36000,36000,False,180,9,62f0d64527be4437b1317a44d00fb232,2021-09-16_23-28-34,1631860114,16.309680700302124,146.15153312683105,6801,a057c1642c41,172.17.0.2,146.15153312683105,0,9,"[-849.9870379454994, -850.9549306544563, -899.6095628664519, -891.8911289579339, -881.6920132706593, -897.9256257448288, -896.2225820901125, -865.2755425681081, -834.2915532082415, -850.9524439057365, -902.5969598846764, -869.3564106323215, -883.3734955883748, -845.5355118718961, -875.178495709507, -870.6998709584833, -884.2896457463996, -859.7422236802627, -859.2810462107738, -869.5916071994257, -882.6352621061042, -851.8488917428766, -897.9502376735288, -776.0842958107486, -880.3584041049392, -879.6078646583186, -852.4615468881162, -838.5208164116942, -872.1787927269324, -882.8747724932324, -875.7092270898834, -885.721170728753, -874.4452037798641, -834.7588638059397, -880.3559493010315, -883.5409653158958, -852.491068424631, -887.1902413367592, -887.8841286246329, -901.7922230832166, -874.3195934980203, -828.3980552040515, -843.0369867883705, -899.947584858004, -907.1426837426803, -823.581408461475, -916.5740124663572, -883.9534827709631, -885.4773465216007, -876.3273876307293, -886.526503318004, -898.2069955776349, -885.8375256379452, -875.4795678631978, -867.8633238834062, -905.1428817542973, -900.0590301593819, -910.710067943494, -907.0854357961425, -894.5651159133058, -845.8144269007939, -875.8477710686809, -882.3366447563214, -911.3916492670176, -855.3695068901982, -869.1593874234732, -871.4430140485699, -897.5999097176264, -855.7327685430539, -902.9823786623249, -874.455054940306, -883.3285536061866, -863.9991813489254, -911.1324365590042, -868.7844155940581, -860.2705002567321, -856.196996604241, -858.7595382582366, -892.3430510547716, -869.3219475431788, -814.7793227225997, -847.597471414632, -898.3405980038044, -848.6091145301943, -881.2326948172871, -874.2401564818775, -855.8885280940158, -888.5952634294838, -887.4125042069106, -880.7930786847993, -876.2449000228881, -868.4531622264365, -853.6713728432964, -905.01913048857, -885.1263908330943, -876.830424545895, -907.4905568946755, -870.5441114075217, -886.9433345930961, -830.1337029317933]","[200, 200, 200, 200, 200, 200, 200, 200, 200, 200, 200, 200, 200, 200, 200, 200, 200, 200, 200, 200, 200, 200, 200, 200, 200, 200, 200, 200, 200, 200, 200, 200, 200, 200, 200, 200, 200, 200, 200, 200, 200, 200, 200, 200, 200, 200, 200, 200, 200, 200, 200, 200, 200, 200, 200, 200, 200, 200, 200, 200, 200, 200, 200, 200, 200, 200, 200, 200, 200, 200, 200, 200, 200, 200, 200, 200, 200, 200, 200, 200, 200, 200, 200, 200, 200, 200, 200, 200, 200, 200, 200, 200, 200, 200, 200, 200, 200, 200, 200, 200]",0.1087670805284761,1.628730731692587,0.07802959330359885,0.6188932593659822,0.0,5035.003,794.439,0.076,52574841.226,11195.084,357.3,2.26,36000,36000,36000,36000,41.434782608695656,16.89999999999999,0.0,0.20000000000000004,5.0000000000000016e-05,39943.50701024866,-0.06558118007215921,39943.569392641126,[-0.05986336],0.015652299541409134,3.9327940866511355,0.0
-776.0842958107486,-916.5740124663572,-874.5703346398349,200.0,20,2,40000,40000,False,200,10,62f0d64527be4437b1317a44d00fb232,2021-09-16_23-28-49,1631860129,14.981860876083374,161.13339400291443,6801,a057c1642c41,172.17.0.2,161.13339400291443,0,10,"[-882.6352621061042, -851.8488917428766, -897.9502376735288, -776.0842958107486, -880.3584041049392, -879.6078646583186, -852.4615468881162, -838.5208164116942, -872.1787927269324, -882.8747724932324, -875.7092270898834, -885.721170728753, -874.4452037798641, -834.7588638059397, -880.3559493010315, -883.5409653158958, -852.491068424631, -887.1902413367592, -887.8841286246329, -901.7922230832166, -874.3195934980203, -828.3980552040515, -843.0369867883705, -899.947584858004, -907.1426837426803, -823.581408461475, -916.5740124663572, -883.9534827709631, -885.4773465216007, -876.3273876307293, -886.526503318004, -898.2069955776349, -885.8375256379452, -875.4795678631978, -867.8633238834062, -905.1428817542973, -900.0590301593819, -910.710067943494, -907.0854357961425, -894.5651159133058, -845.8144269007939, -875.8477710686809, -882.3366447563214, -911.3916492670176, -855.3695068901982, -869.1593874234732, -871.4430140485699, -897.5999097176264, -855.7327685430539, -902.9823786623249, -874.455054940306, -883.3285536061866, -863.9991813489254, -911.1324365590042, -868.7844155940581, -860.2705002567321, -856.196996604241, -858.7595382582366, -892.3430510547716, -869.3219475431788, -814.7793227225997, -847.597471414632, -898.3405980038044, -848.6091145301943, -881.2326948172871, -874.2401564818775, -855.8885280940158, -888.5952634294838, -887.4125042069106, -880.7930786847993, -876.2449000228881, -868.4531622264365, -853.6713728432964, -905.01913048857, -885.1263908330943, -876.830424545895, -907.4905568946755, -870.5441114075217, -886.9433345930961, -830.1337029317933, -901.3008963446098, -831.15330624687, -892.3134975734441, -872.5365170393702, -865.4214509586276, -867.5567143892971, -898.4391096082287, -889.4295537122706, -894.246796242638, -838.4518582885974, -865.1991880884761, -885.3929998976424, -869.0454873181884, -856.8884290882072, -873.2722957177328, -850.9376831374791, -891.0863921564735, -854.4243990386369, -893.8244276271275, -873.2525933968485]","[200, 200, 200, 200, 200, 200, 200, 200, 200, 200, 200, 200, 200, 200, 200, 200, 200, 200, 200, 200, 200, 200, 200, 200, 200, 200, 200, 200, 200, 200, 200, 200, 200, 200, 200, 200, 200, 200, 200, 200, 200, 200, 200, 200, 200, 200, 200, 200, 200, 200, 200, 200, 200, 200, 200, 200, 200, 200, 200, 200, 200, 200, 200, 200, 200, 200, 200, 200, 200, 200, 200, 200, 200, 200, 200, 200, 200, 200, 200, 200, 200, 200, 200, 200, 200, 200, 200, 200, 200, 200, 200, 200, 200, 200, 200, 200, 200, 200, 200, 200]",0.10961954805739803,1.6423508651745227,0.07870554982207123,0.6176105888480398,0.0,5033.496,794.676,0.074,54225003.232,11071.002,361.304,2.201,40000,40000,40000,40000,40.52727272727273,16.89999999999999,0.0,0.20000000000000004,5.0000000000000016e-05,37205.6545530914,-0.0680697925298685,37205.71925403226,[-0.05934813],0.016521663299278625,3.9133708102728733,0.0
-814.7793227225997,-918.495005171201,-877.2622832414544,200.0,20,2,44000,44000,False,220,11,62f0d64527be4437b1317a44d00fb232,2021-09-16_23-29-04,1631860144,15.16709852218628,176.3004925251007,6801,a057c1642c41,172.17.0.2,176.3004925251007,0,11,"[-874.3195934980203, -828.3980552040515, -843.0369867883705, -899.947584858004, -907.1426837426803, -823.581408461475, -916.5740124663572, -883.9534827709631, -885.4773465216007, -876.3273876307293, -886.526503318004, -898.2069955776349, -885.8375256379452, -875.4795678631978, -867.8633238834062, -905.1428817542973, -900.0590301593819, -910.710067943494, -907.0854357961425, -894.5651159133058, -845.8144269007939, -875.8477710686809, -882.3366447563214, -911.3916492670176, -855.3695068901982, -869.1593874234732, -871.4430140485699, -897.5999097176264, -855.7327685430539, -902.9823786623249, -874.455054940306, -883.3285536061866, -863.9991813489254, -911.1324365590042, -868.7844155940581, -860.2705002567321, -856.196996604241, -858.7595382582366, -892.3430510547716, -869.3219475431788, -814.7793227225997, -847.597471414632, -898.3405980038044, -848.6091145301943, -881.2326948172871, -874.2401564818775, -855.8885280940158, -888.5952634294838, -887.4125042069106, -880.7930786847993, -876.2449000228881, -868.4531622264365, -853.6713728432964, -905.01913048857, -885.1263908330943, -876.830424545895, -907.4905568946755, -870.5441114075217, -886.9433345930961, -830.1337029317933, -901.3008963446098, -831.15330624687, -892.3134975734441, -872.5365170393702, -865.4214509586276, -867.5567143892971, -898.4391096082287, -889.4295537122706, -894.246796242638, -838.4518582885974, -865.1991880884761, -885.3929998976424, -869.0454873181884, -856.8884290882072, -873.2722957177328, -850.9376831374791, -891.0863921564735, -854.4243990386369, -893.8244276271275, -873.2525933968485, -856.5676546136323, -899.8293709326958, -865.9447859824689, -918.495005171201, -871.4824186903381, -887.6175195600845, -878.8597800156059, -851.5404551774636, -844.5577680024969, -881.020283107578, -877.7761281852477, -905.7499676143059, -870.252858469461, -918.4556005294312, -886.730922883387, -888.1852007783234, -859.5495142914386, -877.8475730570642, -895.9701380060304, -911.1718412007737]","[200, 200, 200, 200, 200, 200, 200, 200, 200, 200, 200, 200, 200, 200, 200, 200, 200, 200, 200, 200, 200, 200, 200, 200, 200, 200, 200, 200, 200, 200, 200, 200, 200, 200, 200, 200, 200, 200, 200, 200, 200, 200, 200, 200, 200, 200, 200, 200, 200, 200, 200, 200, 200, 200, 200, 200, 200, 200, 200, 200, 200, 200, 200, 200, 200, 200, 200, 200, 200, 200, 200, 200, 200, 200, 200, 200, 200, 200, 200, 200, 200, 200, 200, 200, 200, 200, 200, 200, 200, 200, 200, 200, 200, 200, 200, 200, 200, 200, 200, 200]",0.11033252255049472,1.6532443907936802,0.07927768629664263,0.6163387445772018,0.0,5097.842,784.646,0.078,51118878.732,11061.853,361.603,2.175,44000,44000,44000,44000,40.19523809523809,16.899999999999995,0.0,0.20000000000000004,5.0000000000000016e-05,36151.90295488911,-0.06669402905960156,36151.966257140455,[-0.12612818],0.016809929920279573,3.8861979235884965,0.0
-814.7793227225997,-918.495005171201,-875.6561187060595,200.0,20,2,48000,48000,False,240,12,62f0d64527be4437b1317a44d00fb232,2021-09-16_23-29-20,1631860160,15.143595457077026,191.44408798217773,6801,a057c1642c41,172.17.0.2,191.44408798217773,0,12,"[-845.8144269007939, -875.8477710686809, -882.3366447563214, -911.3916492670176, -855.3695068901982, -869.1593874234732, -871.4430140485699, -897.5999097176264, -855.7327685430539, -902.9823786623249, -874.455054940306, -883.3285536061866, -863.9991813489254, -911.1324365590042, -868.7844155940581, -860.2705002567321, -856.196996604241, -858.7595382582366, -892.3430510547716, -869.3219475431788, -814.7793227225997, -847.597471414632, -898.3405980038044, -848.6091145301943, -881.2326948172871, -874.2401564818775, -855.8885280940158, -888.5952634294838, -887.4125042069106, -880.7930786847993, -876.2449000228881, -868.4531622264365, -853.6713728432964, -905.01913048857, -885.1263908330943, -876.830424545895, -907.4905568946755, -870.5441114075217, -886.9433345930961, -830.1337029317933, -901.3008963446098, -831.15330624687, -892.3134975734441, -872.5365170393702, -865.4214509586276, -867.5567143892971, -898.4391096082287, -889.4295537122706, -894.246796242638, -838.4518582885974, -865.1991880884761, -885.3929998976424, -869.0454873181884, -856.8884290882072, -873.2722957177328, -850.9376831374791, -891.0863921564735, -854.4243990386369, -893.8244276271275, -873.2525933968485, -856.5676546136323, -899.8293709326958, -865.9447859824689, -918.495005171201, -871.4824186903381, -887.6175195600845, -878.8597800156059, -851.5404551774636, -844.5577680024969, -881.020283107578, -877.7761281852477, -905.7499676143059, -870.252858469461, -918.4556005294312, -886.730922883387, -888.1852007783234, -859.5495142914386, -877.8475730570642, -895.9701380060304, -911.1718412007737, -863.2160058844673, -896.5255132599194, -831.600318735892, -855.8983792544581, -898.6490665140295, -871.6726732752553, -885.3831487372004, -881.1163399080948, -881.9635319430225, -870.36125317914, -911.1127342381193, -907.7226709252691, -859.5279529544372, -874.0111249877951, -850.2191519760933, -892.0985991150156, -847.5156115393945, -853.6042737363164, -886.3731985709494, -891.0469875147044]","[200, 200, 200, 200, 200, 200, 200, 200, 200, 200, 200, 200, 200, 200, 200, 200, 200, 200, 200, 200, 200, 200, 200, 200, 200, 200, 200, 200, 200, 200, 200, 200, 200, 200, 200, 200, 200, 200, 200, 200, 200, 200, 200, 200, 200, 200, 200, 200, 200, 200, 200, 200, 200, 200, 200, 200, 200, 200, 200, 200, 200, 200, 200, 200, 200, 200, 200, 200, 200, 200, 200, 200, 200, 200, 200, 200, 200, 200, 200, 200, 200, 200, 200, 200, 200, 200, 200, 200, 200, 200, 200, 200, 200, 200, 200, 200, 200, 200, 200, 200]",0.11053397685532922,1.6576536086637037,0.07954114672128204,0.6140890036117094,0.0,5056.227,791.104,0.083,48461051.415,10957.518,365.046,2.174,48000,48000,48000,48000,40.349999999999994,16.89999999999999,0.0,0.20000000000000004,5.0000000000000016e-05,32288.42371156754,-0.06457224418759666,32288.485166750674,[-0.12399936],0.015985872016525734,3.8585808592457926,0.0
-810.8905363146064,-918.495005171201,-874.3027374014796,200.0,20,2,52000,52000,False,260,13,62f0d64527be4437b1317a44d00fb232,2021-09-16_23-29-35,1631860175,14.877376556396484,206.32146453857422,6801,a057c1642c41,172.17.0.2,206.32146453857422,0,13,"[-814.7793227225997, -847.597471414632, -898.3405980038044, -848.6091145301943, -881.2326948172871, -874.2401564818775, -855.8885280940158, -888.5952634294838, -887.4125042069106, -880.7930786847993, -876.2449000228881, -868.4531622264365, -853.6713728432964, -905.01913048857, -885.1263908330943, -876.830424545895, -907.4905568946755, -870.5441114075217, -886.9433345930961, -830.1337029317933, -901.3008963446098, -831.15330624687, -892.3134975734441, -872.5365170393702, -865.4214509586276, -867.5567143892971, -898.4391096082287, -889.4295537122706, -894.246796242638, -838.4518582885974, -865.1991880884761, -885.3929998976424, -869.0454873181884, -856.8884290882072, -873.2722957177328, -850.9376831374791, -891.0863921564735, -854.4243990386369, -893.8244276271275, -873.2525933968485, -856.5676546136323, -899.8293709326958, -865.9447859824689, -918.495005171201, -871.4824186903381, -887.6175195600845, -878.8597800156059, -851.5404551774636, -844.5577680024969, -881.020283107578, -877.7761281852477, -905.7499676143059, -870.252858469461, -918.4556005294312, -886.730922883387, -888.1852007783234, -859.5495142914386, -877.8475730570642, -895.9701380060304, -911.1718412007737, -863.2160058844673, -896.5255132599194, -831.600318735892, -855.8983792544581, -898.6490665140295, -871.6726732752553, -885.3831487372004, -881.1163399080948, -881.9635319430225, -870.36125317914, -911.1127342381193, -907.7226709252691, -859.5279529544372, -874.0111249877951, -850.2191519760933, -892.0985991150156, -847.5156115393945, -853.6042737363164, -886.3731985709494, -891.0469875147044, -859.4830109722484, -861.3399551618113, -866.7593739443718, -905.9697756805497, -810.8905363146064, -883.4892547097759, -838.4223048072699, -867.082635167667, -896.1973424288094, -885.2963473093349, -884.9312266403628, -876.0503316179472, -862.5424167052691, -846.0884003770644, -888.1999934913931, -864.7220263303359, -854.8141316363094, -864.9319832361373, -876.6180128361864, -877.1019432182587]","[200, 200, 200, 200, 200, 200, 200, 200, 200, 200, 200, 200, 200, 200, 200, 200, 200, 200, 200, 200, 200, 200, 200, 200, 200, 200, 200, 200, 200, 200, 200, 200, 200, 200, 200, 200, 200, 200, 200, 200, 200, 200, 200, 200, 200, 200, 200, 200, 200, 200, 200, 200, 200, 200, 200, 200, 200, 200, 200, 200, 200, 200, 200, 200, 200, 200, 200, 200, 200, 200, 200, 200, 200, 200, 200, 200, 200, 200, 200, 200, 200, 200, 200, 200, 200, 200, 200, 200, 200, 200, 200, 200, 200, 200, 200, 200, 200, 200, 200, 200]",0.11039051582237666,1.65523742051873,0.07946249792446826,0.6105058527843579,0.0,5022.105,796.479,0.082,48601436.848,10841.141,368.965,2.166,52000,52000,52000,52000,40.69047619047619,16.899999999999995,0.0,0.20000000000000004,5.0000000000000016e-05,28841.32692267305,-0.06605669717324437,28841.389673639114,[-0.0889842],0.01631399054379344,3.8327084372120517,0.0
-790.2639089416966,-918.495005171201,-875.2946227337347,200.0,20,2,56000,56000,False,280,14,62f0d64527be4437b1317a44d00fb232,2021-09-16_23-29-50,1631860190,15.305097579956055,221.62656211853027,6801,a057c1642c41,172.17.0.2,221.62656211853027,0,14,"[-901.3008963446098, -831.15330624687, -892.3134975734441, -872.5365170393702, -865.4214509586276, -867.5567143892971, -898.4391096082287, -889.4295537122706, -894.246796242638, -838.4518582885974, -865.1991880884761, -885.3929998976424, -869.0454873181884, -856.8884290882072, -873.2722957177328, -850.9376831374791, -891.0863921564735, -854.4243990386369, -893.8244276271275, -873.2525933968485, -856.5676546136323, -899.8293709326958, -865.9447859824689, -918.495005171201, -871.4824186903381, -887.6175195600845, -878.8597800156059, -851.5404551774636, -844.5577680024969, -881.020283107578, -877.7761281852477, -905.7499676143059, -870.252858469461, -918.4556005294312, -886.730922883387, -888.1852007783234, -859.5495142914386, -877.8475730570642, -895.9701380060304, -911.1718412007737, -863.2160058844673, -896.5255132599194, -831.600318735892, -855.8983792544581, -898.6490665140295, -871.6726732752553, -885.3831487372004, -881.1163399080948, -881.9635319430225, -870.36125317914, -911.1127342381193, -907.7226709252691, -859.5279529544372, -874.0111249877951, -850.2191519760933, -892.0985991150156, -847.5156115393945, -853.6042737363164, -886.3731985709494, -891.0469875147044, -859.4830109722484, -861.3399551618113, -866.7593739443718, -905.9697756805497, -810.8905363146064, -883.4892547097759, -838.4223048072699, -867.082635167667, -896.1973424288094, -885.2963473093349, -884.9312266403628, -876.0503316179472, -862.5424167052691, -846.0884003770644, -888.1999934913931, -864.7220263303359, -854.8141316363094, -864.9319832361373, -876.6180128361864, -877.1019432182587, -882.6968238726656, -876.1857930602337, -895.2294497198525, -887.9112273020526, -907.3274009871787, -790.2639089416966, -863.1519893139981, -840.212149889852, -910.6805144621668, -903.6264143601953, -834.365452883966, -903.0020809832096, -894.5823634302833, -869.440757256279, -811.2655081440209, -884.192993158092, -890.1314331444706, -875.2252967078113, -903.9724284960737, -913.670366284299]","[200, 200, 200, 200, 200, 200, 200, 200, 200, 200, 200, 200, 200, 200, 200, 200, 200, 200, 200, 200, 200, 200, 200, 200, 200, 200, 200, 200, 200, 200, 200, 200, 200, 200, 200, 200, 200, 200, 200, 200, 200, 200, 200, 200, 200, 200, 200, 200, 200, 200, 200, 200, 200, 200, 200, 200, 200, 200, 200, 200, 200, 200, 200, 200, 200, 200, 200, 200, 200, 200, 200, 200, 200, 200, 200, 200, 200, 200, 200, 200, 200, 200, 200, 200, 200, 200, 200, 200, 200, 200, 200, 200, 200, 200, 200, 200, 200, 200, 200, 200]",0.11032186792431709,1.6554254164226856,0.07943417298587926,0.6081136048313077,0.0,5040.285,793.606,0.082,48629611.594,10755.596,371.899,2.139,56000,56000,56000,56000,40.15,16.89999999999999,0.0,0.20000000000000004,5.0000000000000016e-05,26921.304932165658,-0.06466944399239716,26921.36618048555,[-0.08707649],0.016692858740688044,3.8020288575080134,0.0
-774.2002529437675,-918.495005171201,-875.2662698952673,200.0,20,2,60000,60000,False,300,15,62f0d64527be4437b1317a44d00fb232,2021-09-16_23-30-05,1631860205,14.958264827728271,236.58482694625854,6801,a057c1642c41,172.17.0.2,236.58482694625854,0,15,"[-856.5676546136323, -899.8293709326958, -865.9447859824689, -918.495005171201, -871.4824186903381, -887.6175195600845, -878.8597800156059, -851.5404551774636, -844.5577680024969, -881.020283107578, -877.7761281852477, -905.7499676143059, -870.252858469461, -918.4556005294312, -886.730922883387, -888.1852007783234, -859.5495142914386, -877.8475730570642, -895.9701380060304, -911.1718412007737, -863.2160058844673, -896.5255132599194, -831.600318735892, -855.8983792544581, -898.6490665140295, -871.6726732752553, -885.3831487372004, -881.1163399080948, -881.9635319430225, -870.36125317914, -911.1127342381193, -907.7226709252691, -859.5279529544372, -874.0111249877951, -850.2191519760933, -892.0985991150156, -847.5156115393945, -853.6042737363164, -886.3731985709494, -891.0469875147044, -859.4830109722484, -861.3399551618113, -866.7593739443718, -905.9697756805497, -810.8905363146064, -883.4892547097759, -838.4223048072699, -867.082635167667, -896.1973424288094, -885.2963473093349, -884.9312266403628, -876.0503316179472, -862.5424167052691, -846.0884003770644, -888.1999934913931, -864.7220263303359, -854.8141316363094, -864.9319832361373, -876.6180128361864, -877.1019432182587, -882.6968238726656, -876.1857930602337, -895.2294497198525, -887.9112273020526, -907.3274009871787, -790.2639089416966, -863.1519893139981, -840.212149889852, -910.6805144621668, -903.6264143601953, -834.365452883966, -903.0020809832096, -894.5823634302833, -869.440757256279, -811.2655081440209, -884.192993158092, -890.1314331444706, -875.2252967078113, -903.9724284960737, -913.670366284299, -897.246499225213, -864.3199558235011, -902.8955772344596, -888.4592061994064, -842.3258519835199, -886.1607868612406, -879.6448144961807, -903.1547899424731, -870.5638137284066, -885.2347535979599, -867.4877562662006, -880.8103262017767, -875.6993759294415, -774.2002529437675, -862.8336696433295, -882.136539010962, -871.2872544976073, -867.3147491982608, -864.2904023421737, -895.2719368981332]","[200, 200, 200, 200, 200, 200, 200, 200, 200, 200, 200, 200, 200, 200, 200, 200, 200, 200, 200, 200, 200, 200, 200, 200, 200, 200, 200, 200, 200, 200, 200, 200, 200, 200, 200, 200, 200, 200, 200, 200, 200, 200, 200, 200, 200, 200, 200, 200, 200, 200, 200, 200, 200, 200, 200, 200, 200, 200, 200, 200, 200, 200, 200, 200, 200, 200, 200, 200, 200, 200, 200, 200, 200, 200, 200, 200, 200, 200, 200, 200, 200, 200, 200, 200, 200, 200, 200, 200, 200, 200, 200, 200, 200, 200, 200, 200, 200, 200, 200, 200]",0.11018252926885266,1.654621385549454,0.07935810653564498,0.6056626022295178,0.0,5047.072,792.539,0.077,51765553.841,10728.864,372.826,2.154,60000,60000,60000,60000,40.53636363636363,16.89999999999999,0.0,0.20000000000000004,5.0000000000000016e-05,24426.69505733367,-0.06340364153466878,24426.75510857695,[-0.14208163],0.016446369793905926,3.80437001310369,0.0
-774.2002529437675,-917.5936157814336,-873.2826130078606,200.0,20,2,64000,64000,False,320,16,62f0d64527be4437b1317a44d00fb232,2021-09-16_23-30-20,1631860220,15.117820739746094,251.70264768600464,6801,a057c1642c41,172.17.0.2,251.70264768600464,0,16,"[-863.2160058844673, -896.5255132599194, -831.600318735892, -855.8983792544581, -898.6490665140295, -871.6726732752553, -885.3831487372004, -881.1163399080948, -881.9635319430225, -870.36125317914, -911.1127342381193, -907.7226709252691, -859.5279529544372, -874.0111249877951, -850.2191519760933, -892.0985991150156, -847.5156115393945, -853.6042737363164, -886.3731985709494, -891.0469875147044, -859.4830109722484, -861.3399551618113, -866.7593739443718, -905.9697756805497, -810.8905363146064, -883.4892547097759, -838.4223048072699, -867.082635167667, -896.1973424288094, -885.2963473093349, -884.9312266403628, -876.0503316179472, -862.5424167052691, -846.0884003770644, -888.1999934913931, -864.7220263303359, -854.8141316363094, -864.9319832361373, -876.6180128361864, -877.1019432182587, -882.6968238726656, -876.1857930602337, -895.2294497198525, -887.9112273020526, -907.3274009871787, -790.2639089416966, -863.1519893139981, -840.212149889852, -910.6805144621668, -903.6264143601953, -834.365452883966, -903.0020809832096, -894.5823634302833, -869.440757256279, -811.2655081440209, -884.192993158092, -890.1314331444706, -875.2252967078113, -903.9724284960737, -913.670366284299, -897.246499225213, -864.3199558235011, -902.8955772344596, -888.4592061994064, -842.3258519835199, -886.1607868612406, -879.6448144961807, -903.1547899424731, -870.5638137284066, -885.2347535979599, -867.4877562662006, -880.8103262017767, -875.6993759294415, -774.2002529437675, -862.8336696433295, -882.136539010962, -871.2872544976073, -867.3147491982608, -864.2904023421737, -895.2719368981332, -895.70847049411, -857.3126567198346, -888.6740727130233, -854.4558115360808, -871.9909929459236, -854.2390540615352, -913.9123314753352, -863.8729752792912, -809.8955768730433, -917.5936157814336, -872.0704299620661, -893.2641427654238, -861.0191806872356, -851.9843851299748, -902.2318392157042, -885.4595032168319, -865.2508986945963, -865.4682519569321, -812.1348892485541, -912.7000187714347]","[200, 200, 200, 200, 200, 200, 200, 200, 200, 200, 200, 200, 200, 200, 200, 200, 200, 200, 200, 200, 200, 200, 200, 200, 200, 200, 200, 200, 200, 200, 200, 200, 200, 200, 200, 200, 200, 200, 200, 200, 200, 200, 200, 200, 200, 200, 200, 200, 200, 200, 200, 200, 200, 200, 200, 200, 200, 200, 200, 200, 200, 200, 200, 200, 200, 200, 200, 200, 200, 200, 200, 200, 200, 200, 200, 200, 200, 200, 200, 200, 200, 200, 200, 200, 200, 200, 200, 200, 200, 200, 200, 200, 200, 200, 200, 200, 200, 200, 200, 200]",0.11002012786694643,1.65296559930765,0.07924050705287303,0.6031143564081125,0.0,5022.143,796.473,0.071,56679783.784,10643.203,375.827,2.065,64000,64000,64000,64000,40.68636363636364,16.89999999999999,0.0,0.20000000000000004,5.0000000000000016e-05,22757.995824932797,-0.06829327350502373,22758.06068548387,[-0.13749652],0.016445880261580163,3.7556255676413097,0.0
-774.2002529437675,-918.5541121338553,-872.8241369411262,200.0,20,2,68000,68000,False,340,17,62f0d64527be4437b1317a44d00fb232,2021-09-16_23-30-35,1631860235,14.829501867294312,266.53214955329895,6801,a057c1642c41,172.17.0.2,266.53214955329895,0,17,"[-859.4830109722484, -861.3399551618113, -866.7593739443718, -905.9697756805497, -810.8905363146064, -883.4892547097759, -838.4223048072699, -867.082635167667, -896.1973424288094, -885.2963473093349, -884.9312266403628, -876.0503316179472, -862.5424167052691, -846.0884003770644, -888.1999934913931, -864.7220263303359, -854.8141316363094, -864.9319832361373, -876.6180128361864, -877.1019432182587, -882.6968238726656, -876.1857930602337, -895.2294497198525, -887.9112273020526, -907.3274009871787, -790.2639089416966, -863.1519893139981, -840.212149889852, -910.6805144621668, -903.6264143601953, -834.365452883966, -903.0020809832096, -894.5823634302833, -869.440757256279, -811.2655081440209, -884.192993158092, -890.1314331444706, -875.2252967078113, -903.9724284960737, -913.670366284299, -897.246499225213, -864.3199558235011, -902.8955772344596, -888.4592061994064, -842.3258519835199, -886.1607868612406, -879.6448144961807, -903.1547899424731, -870.5638137284066, -885.2347535979599, -867.4877562662006, -880.8103262017767, -875.6993759294415, -774.2002529437675, -862.8336696433295, -882.136539010962, -871.2872544976073, -867.3147491982608, -864.2904023421737, -895.2719368981332, -895.70847049411, -857.3126567198346, -888.6740727130233, -854.4558115360808, -871.9909929459236, -854.2390540615352, -913.9123314753352, -863.8729752792912, -809.8955768730433, -917.5936157814336, -872.0704299620661, -893.2641427654238, -861.0191806872356, -851.9843851299748, -902.2318392157042, -885.4595032168319, -865.2508986945963, -865.4682519569321, -812.1348892485541, -912.7000187714347, -910.3720459519411, -864.1518903081894, -882.5189071969118, -911.1521388798889, -860.5469604817227, -872.2477508500293, -871.2281475349524, -877.7909208983174, -886.8054183469022, -878.8006730529512, -788.4494199856028, -861.1324850047301, -830.7260280235441, -883.4129002301444, -918.5541121338553, -879.2599915063234, -847.9133362813915, -893.5578185625791, -890.5655119365396, -854.5844724096225]","[200, 200, 200, 200, 200, 200, 200, 200, 200, 200, 200, 200, 200, 200, 200, 200, 200, 200, 200, 200, 200, 200, 200, 200, 200, 200, 200, 200, 200, 200, 200, 200, 200, 200, 200, 200, 200, 200, 200, 200, 200, 200, 200, 200, 200, 200, 200, 200, 200, 200, 200, 200, 200, 200, 200, 200, 200, 200, 200, 200, 200, 200, 200, 200, 200, 200, 200, 200, 200, 200, 200, 200, 200, 200, 200, 200, 200, 200, 200, 200, 200, 200, 200, 200, 200, 200, 200, 200, 200, 200, 200, 200, 200, 200, 200, 200, 200, 200, 200, 200]",0.10979153179751364,1.650474293065712,0.07907921930408503,0.600454157328029,0.0,4941.494,809.472,0.07,57279672.243,10485.072,381.495,2.069,68000,68000,68000,68000,40.604761904761915,16.899999999999995,0.0,0.20000000000000004,5.0000000000000016e-05,20033.7828093498,-0.06887643066665498,20033.848260563675,[-0.06061411],0.01719941057664039,3.736784163598091,0.0
-774.2002529437675,-918.5541121338553,-875.4544973461584,200.0,20,2,72000,72000,False,360,18,62f0d64527be4437b1317a44d00fb232,2021-09-16_23-30-51,1631860251,15.0794358253479,281.61158537864685,6801,a057c1642c41,172.17.0.2,281.61158537864685,0,18,"[-882.6968238726656, -876.1857930602337, -895.2294497198525, -887.9112273020526, -907.3274009871787, -790.2639089416966, -863.1519893139981, -840.212149889852, -910.6805144621668, -903.6264143601953, -834.365452883966, -903.0020809832096, -894.5823634302833, -869.440757256279, -811.2655081440209, -884.192993158092, -890.1314331444706, -875.2252967078113, -903.9724284960737, -913.670366284299, -897.246499225213, -864.3199558235011, -902.8955772344596, -888.4592061994064, -842.3258519835199, -886.1607868612406, -879.6448144961807, -903.1547899424731, -870.5638137284066, -885.2347535979599, -867.4877562662006, -880.8103262017767, -875.6993759294415, -774.2002529437675, -862.8336696433295, -882.136539010962, -871.2872544976073, -867.3147491982608, -864.2904023421737, -895.2719368981332, -895.70847049411, -857.3126567198346, -888.6740727130233, -854.4558115360808, -871.9909929459236, -854.2390540615352, -913.9123314753352, -863.8729752792912, -809.8955768730433, -917.5936157814336, -872.0704299620661, -893.2641427654238, -861.0191806872356, -851.9843851299748, -902.2318392157042, -885.4595032168319, -865.2508986945963, -865.4682519569321, -812.1348892485541, -912.7000187714347, -910.3720459519411, -864.1518903081894, -882.5189071969118, -911.1521388798889, -860.5469604817227, -872.2477508500293, -871.2281475349524, -877.7909208983174, -886.8054183469022, -878.8006730529512, -788.4494199856028, -861.1324850047301, -830.7260280235441, -883.4129002301444, -918.5541121338553, -879.2599915063234, -847.9133362813915, -893.5578185625791, -890.5655119365396, -854.5844724096225, -864.3445996970131, -872.996431280534, -884.6744687362572, -872.6479623407471, -883.0797878464068, -884.067382876248, -876.8599780272225, -889.3063982343346, -906.8834710346671, -880.6250131694871, -829.6350117814637, -871.2379986953957, -870.0823381502418, -894.5410997723973, -891.7950721574176, -879.4970151447328, -891.3751583458147, -896.7902633083512, -893.8515263045475, -899.6760661856408]","[200, 200, 200, 200, 200, 200, 200, 200, 200, 200, 200, 200, 200, 200, 200, 200, 200, 200, 200, 200, 200, 200, 200, 200, 200, 200, 200, 200, 200, 200, 200, 200, 200, 200, 200, 200, 200, 200, 200, 200, 200, 200, 200, 200, 200, 200, 200, 200, 200, 200, 200, 200, 200, 200, 200, 200, 200, 200, 200, 200, 200, 200, 200, 200, 200, 200, 200, 200, 200, 200, 200, 200, 200, 200, 200, 200, 200, 200, 200, 200, 200, 200, 200, 200, 200, 200, 200, 200, 200, 200, 200, 200, 200, 200, 200, 200, 200, 200, 200, 200]",0.10969329939145163,1.6498656983619338,0.0790211821431811,0.5986933988669259,0.0,4894.295,817.278,0.066,60393146.148,10274.074,389.329,2.087,72000,72000,72000,72000,40.49090909090909,16.89999999999999,0.0,0.20000000000000004,5.0000000000000016e-05,19056.393975764448,-0.06644754660746423,19056.457261214717,[-0.08268388],0.015757397143599586,3.717127169332197,0.0
-774.2002529437675,-918.5812108112752,-873.766770425804,200.0,20,2,76000,76000,False,380,19,62f0d64527be4437b1317a44d00fb232,2021-09-16_23-31-08,1631860268,16.931952714920044,298.5435380935669,6801,a057c1642c41,172.17.0.2,298.5435380935669,0,19,"[-897.246499225213, -864.3199558235011, -902.8955772344596, -888.4592061994064, -842.3258519835199, -886.1607868612406, -879.6448144961807, -903.1547899424731, -870.5638137284066, -885.2347535979599, -867.4877562662006, -880.8103262017767, -875.6993759294415, -774.2002529437675, -862.8336696433295, -882.136539010962, -871.2872544976073, -867.3147491982608, -864.2904023421737, -895.2719368981332, -895.70847049411, -857.3126567198346, -888.6740727130233, -854.4558115360808, -871.9909929459236, -854.2390540615352, -913.9123314753352, -863.8729752792912, -809.8955768730433, -917.5936157814336, -872.0704299620661, -893.2641427654238, -861.0191806872356, -851.9843851299748, -902.2318392157042, -885.4595032168319, -865.2508986945963, -865.4682519569321, -812.1348892485541, -912.7000187714347, -910.3720459519411, -864.1518903081894, -882.5189071969118, -911.1521388798889, -860.5469604817227, -872.2477508500293, -871.2281475349524, -877.7909208983174, -886.8054183469022, -878.8006730529512, -788.4494199856028, -861.1324850047301, -830.7260280235441, -883.4129002301444, -918.5541121338553, -879.2599915063234, -847.9133362813915, -893.5578185625791, -890.5655119365396, -854.5844724096225, -864.3445996970131, -872.996431280534, -884.6744687362572, -872.6479623407471, -883.0797878464068, -884.067382876248, -876.8599780272225, -889.3063982343346, -906.8834710346671, -880.6250131694871, -829.6350117814637, -871.2379986953957, -870.0823381502418, -894.5410997723973, -891.7950721574176, -879.4970151447328, -891.3751583458147, -896.7902633083512, -893.8515263045475, -899.6760661856408, -845.757774742047, -861.7100173834106, -842.8910783978512, -880.0622415590639, -911.1127342381192, -890.938624749838, -918.5812108112752, -885.6423614452134, -912.6409118087802, -858.53236578027, -802.2534974441562, -862.2037989259255, -813.1692533318883, -890.587669061332, -853.4466551692375, -829.609104679627, -884.2052991224414, -881.3016529403834, -869.2184943861273, -874.4969143859838]","[200, 200, 200, 200, 200, 200, 200, 200, 200, 200, 200, 200, 200, 200, 200, 200, 200, 200, 200, 200, 200, 200, 200, 200, 200, 200, 200, 200, 200, 200, 200, 200, 200, 200, 200, 200, 200, 200, 200, 200, 200, 200, 200, 200, 200, 200, 200, 200, 200, 200, 200, 200, 200, 200, 200, 200, 200, 200, 200, 200, 200, 200, 200, 200, 200, 200, 200, 200, 200, 200, 200, 200, 200, 200, 200, 200, 200, 200, 200, 200, 200, 200, 200, 200, 200, 200, 200, 200, 200, 200, 200, 200, 200, 200, 200, 200, 200, 200, 200, 200]",0.1095687858629529,1.647804842345019,0.07890923326081598,0.596612435842108,0.0,4890.712,817.877,0.066,60809046.756,10339.711,386.858,2.171,76000,76000,76000,76000,42.050000000000004,16.9,0.0,0.20000000000000004,5.0000000000000016e-05,20421.879609795025,-0.06474212122910847,20421.941069703462,[-0.22726794],0.016826155471971516,3.674254495097745,0.0
-788.4494199856028,-920.2725442894329,-874.5645480391887,200.0,20,2,80000,80000,False,400,20,62f0d64527be4437b1317a44d00fb232,2021-09-16_23-31-25,1631860285,16.818088054656982,315.3616261482239,6801,a057c1642c41,172.17.0.2,315.3616261482239,0,20,"[-895.70847049411, -857.3126567198346, -888.6740727130233, -854.4558115360808, -871.9909929459236, -854.2390540615352, -913.9123314753352, -863.8729752792912, -809.8955768730433, -917.5936157814336, -872.0704299620661, -893.2641427654238, -861.0191806872356, -851.9843851299748, -902.2318392157042, -885.4595032168319, -865.2508986945963, -865.4682519569321, -812.1348892485541, -912.7000187714347, -910.3720459519411, -864.1518903081894, -882.5189071969118, -911.1521388798889, -860.5469604817227, -872.2477508500293, -871.2281475349524, -877.7909208983174, -886.8054183469022, -878.8006730529512, -788.4494199856028, -861.1324850047301, -830.7260280235441, -883.4129002301444, -918.5541121338553, -879.2599915063234, -847.9133362813915, -893.5578185625791, -890.5655119365396, -854.5844724096225, -864.3445996970131, -872.996431280534, -884.6744687362572, -872.6479623407471, -883.0797878464068, -884.067382876248, -876.8599780272225, -889.3063982343346, -906.8834710346671, -880.6250131694871, -829.6350117814637, -871.2379986953957, -870.0823381502418, -894.5410997723973, -891.7950721574176, -879.4970151447328, -891.3751583458147, -896.7902633083512, -893.8515263045475, -899.6760661856408, -845.757774742047, -861.7100173834106, -842.8910783978512, -880.0622415590639, -911.1127342381192, -890.938624749838, -918.5812108112752, -885.6423614452134, -912.6409118087802, -858.53236578027, -802.2534974441562, -862.2037989259255, -813.1692533318883, -890.587669061332, -853.4466551692375, -829.609104679627, -884.2052991224414, -881.3016529403834, -869.2184943861273, -874.4969143859838, -853.5870581641509, -850.9450794940144, -861.174344450407, -831.5806164150071, -893.9481788928547, -882.4253052003027, -905.586811706809, -849.3602497646065, -892.8048243120511, -872.5020220054157, -906.8440663928977, -845.4887108735912, -879.3708090750969, -880.1361412347882, -875.1095375864104, -895.7355691715292, -887.9783264090332, -891.565412930731, -864.7004649933343, -920.2725442894329]","[200, 200, 200, 200, 200, 200, 200, 200, 200, 200, 200, 200, 200, 200, 200, 200, 200, 200, 200, 200, 200, 200, 200, 200, 200, 200, 200, 200, 200, 200, 200, 200, 200, 200, 200, 200, 200, 200, 200, 200, 200, 200, 200, 200, 200, 200, 200, 200, 200, 200, 200, 200, 200, 200, 200, 200, 200, 200, 200, 200, 200, 200, 200, 200, 200, 200, 200, 200, 200, 200, 200, 200, 200, 200, 200, 200, 200, 200, 200, 200, 200, 200, 200, 200, 200, 200, 200, 200, 200, 200, 200, 200, 200, 200, 200, 200, 200, 200, 200, 200]",0.10960397223946249,1.6475087453728896,0.0789120463188686,0.5950706793672041,0.0,4914.446,813.927,0.066,60219727.207,10499.443,380.973,2.233,80000,80000,80000,80000,41.079166666666666,16.9,0.0,0.20000000000000004,5.0000000000000016e-05,16697.99723779822,-0.06712034618061397,16698.06101625504,[-0.17025933],0.016803208048636338,3.6298695912925147,0.0
-785.6344661923382,-920.2725442894329,-871.9788626601479,200.0,20,2,84000,84000,False,420,21,62f0d64527be4437b1317a44d00fb232,2021-09-16_23-31-41,1631860301,16.602691650390625,331.9643177986145,6801,a057c1642c41,172.17.0.2,331.9643177986145,0,21,"[-910.3720459519411, -864.1518903081894, -882.5189071969118, -911.1521388798889, -860.5469604817227, -872.2477508500293, -871.2281475349524, -877.7909208983174, -886.8054183469022, -878.8006730529512, -788.4494199856028, -861.1324850047301, -830.7260280235441, -883.4129002301444, -918.5541121338553, -879.2599915063234, -847.9133362813915, -893.5578185625791, -890.5655119365396, -854.5844724096225, -864.3445996970131, -872.996431280534, -884.6744687362572, -872.6479623407471, -883.0797878464068, -884.067382876248, -876.8599780272225, -889.3063982343346, -906.8834710346671, -880.6250131694871, -829.6350117814637, -871.2379986953957, -870.0823381502418, -894.5410997723973, -891.7950721574176, -879.4970151447328, -891.3751583458147, -896.7902633083512, -893.8515263045475, -899.6760661856408, -845.757774742047, -861.7100173834106, -842.8910783978512, -880.0622415590639, -911.1127342381192, -890.938624749838, -918.5812108112752, -885.6423614452134, -912.6409118087802, -858.53236578027, -802.2534974441562, -862.2037989259255, -813.1692533318883, -890.587669061332, -853.4466551692375, -829.609104679627, -884.2052991224414, -881.3016529403834, -869.2184943861273, -874.4969143859838, -853.5870581641509, -850.9450794940144, -861.174344450407, -831.5806164150071, -893.9481788928547, -882.4253052003027, -905.586811706809, -849.3602497646065, -892.8048243120511, -872.5020220054157, -906.8440663928977, -845.4887108735912, -879.3708090750969, -880.1361412347882, -875.1095375864104, -895.7355691715292, -887.9783264090332, -891.565412930731, -864.7004649933343, -920.2725442894329, -845.4788597131486, -876.6377151570713, -849.7352215940214, -815.4529119017965, -870.613665318409, -785.6344661923382, -876.5613606774398, -816.3666072559138, -914.9023813090844, -853.320449099603, -843.9660706433491, -855.5800595837903, -908.260798662181, -864.3544508574557, -871.3716011215655, -860.6731665513573, -882.9560365806792, -894.6691648581486, -840.8278236819766, -863.3077488649593]","[200, 200, 200, 200, 200, 200, 200, 200, 200, 200, 200, 200, 200, 200, 200, 200, 200, 200, 200, 200, 200, 200, 200, 200, 200, 200, 200, 200, 200, 200, 200, 200, 200, 200, 200, 200, 200, 200, 200, 200, 200, 200, 200, 200, 200, 200, 200, 200, 200, 200, 200, 200, 200, 200, 200, 200, 200, 200, 200, 200, 200, 200, 200, 200, 200, 200, 200, 200, 200, 200, 200, 200, 200, 200, 200, 200, 200, 200, 200, 200, 200, 200, 200, 200, 200, 200, 200, 200, 200, 200, 200, 200, 200, 200, 200, 200, 200, 200, 200, 200]",0.10971523261661781,1.6485283510533997,0.07898184823072128,0.5940311475906235,0.0,4929.326,811.47,0.061,65689960.846,10628.171,376.358,2.199,84000,84000,84000,84000,41.11666666666667,16.9,0.0,0.20000000000000004,5.0000000000000016e-05,16137.282078503024,-0.06553796181475283,16137.34426453293,[-0.23764344],0.016945470210349745,3.6132496205709312,0.0
-785.6344661923382,-920.2725442894329,-870.340194769537,200.0,20,2,88000,88000,False,440,22,62f0d64527be4437b1317a44d00fb232,2021-09-16_23-31-58,1631860318,16.333661556243896,348.2979793548584,6801,a057c1642c41,172.17.0.2,348.2979793548584,0,22,"[-864.3445996970131, -872.996431280534, -884.6744687362572, -872.6479623407471, -883.0797878464068, -884.067382876248, -876.8599780272225, -889.3063982343346, -906.8834710346671, -880.6250131694871, -829.6350117814637, -871.2379986953957, -870.0823381502418, -894.5410997723973, -891.7950721574176, -879.4970151447328, -891.3751583458147, -896.7902633083512, -893.8515263045475, -899.6760661856408, -845.757774742047, -861.7100173834106, -842.8910783978512, -880.0622415590639, -911.1127342381192, -890.938624749838, -918.5812108112752, -885.6423614452134, -912.6409118087802, -858.53236578027, -802.2534974441562, -862.2037989259255, -813.1692533318883, -890.587669061332, -853.4466551692375, -829.609104679627, -884.2052991224414, -881.3016529403834, -869.2184943861273, -874.4969143859838, -853.5870581641509, -850.9450794940144, -861.174344450407, -831.5806164150071, -893.9481788928547, -882.4253052003027, -905.586811706809, -849.3602497646065, -892.8048243120511, -872.5020220054157, -906.8440663928977, -845.4887108735912, -879.3708090750969, -880.1361412347882, -875.1095375864104, -895.7355691715292, -887.9783264090332, -891.565412930731, -864.7004649933343, -920.2725442894329, -845.4788597131486, -876.6377151570713, -849.7352215940214, -815.4529119017965, -870.613665318409, -785.6344661923382, -876.5613606774398, -816.3666072559138, -914.9023813090844, -853.320449099603, -843.9660706433491, -855.5800595837903, -908.260798662181, -864.3544508574557, -871.3716011215655, -860.6731665513573, -882.9560365806792, -894.6691648581486, -840.8278236819766, -863.3077488649593, -903.1923355681258, -889.0373343658791, -880.0967365930185, -830.4649562994146, -912.6630689335727, -901.3575485033563, -813.270847472823, -799.4908180999903, -854.7747269945398, -857.443804342096, -882.1365390109623, -894.1605906025637, -811.625719205179, -893.7062137018189, -883.277438787858, -805.9421461619768, -852.3722587115312, -890.5975202217736, -878.3512057600215, -865.942331178562]","[200, 200, 200, 200, 200, 200, 200, 200, 200, 200, 200, 200, 200, 200, 200, 200, 200, 200, 200, 200, 200, 200, 200, 200, 200, 200, 200, 200, 200, 200, 200, 200, 200, 200, 200, 200, 200, 200, 200, 200, 200, 200, 200, 200, 200, 200, 200, 200, 200, 200, 200, 200, 200, 200, 200, 200, 200, 200, 200, 200, 200, 200, 200, 200, 200, 200, 200, 200, 200, 200, 200, 200, 200, 200, 200, 200, 200, 200, 200, 200, 200, 200, 200, 200, 200, 200, 200, 200, 200, 200, 200, 200, 200, 200, 200, 200, 200, 200, 200, 200]",0.10992812748141029,1.6510213315592102,0.07911885651005765,0.5934201912980128,0.0,4942.92,809.238,0.061,65382759.158,10733.49,372.665,2.25,88000,88000,88000,88000,40.934782608695656,16.89999999999999,0.0,0.20000000000000004,5.0000000000000016e-05,16831.988730678764,-0.07089776620368964,16832.05580687164,[-0.2367643],0.01877205733701984,3.5903407176335653,0.0
-785.6344661923382,-920.2725442894329,-868.4453717774729,200.0,20,2,92000,92000,False,460,23,62f0d64527be4437b1317a44d00fb232,2021-09-16_23-32-14,1631860334,16.234535694122314,364.5325150489807,6801,a057c1642c41,172.17.0.2,364.5325150489807,0,23,"[-845.757774742047, -861.7100173834106, -842.8910783978512, -880.0622415590639, -911.1127342381192, -890.938624749838, -918.5812108112752, -885.6423614452134, -912.6409118087802, -858.53236578027, -802.2534974441562, -862.2037989259255, -813.1692533318883, -890.587669061332, -853.4466551692375, -829.609104679627, -884.2052991224414, -881.3016529403834, -869.2184943861273, -874.4969143859838, -853.5870581641509, -850.9450794940144, -861.174344450407, -831.5806164150071, -893.9481788928547, -882.4253052003027, -905.586811706809, -849.3602497646065, -892.8048243120511, -872.5020220054157, -906.8440663928977, -845.4887108735912, -879.3708090750969, -880.1361412347882, -875.1095375864104, -895.7355691715292, -887.9783264090332, -891.565412930731, -864.7004649933343, -920.2725442894329, -845.4788597131486, -876.6377151570713, -849.7352215940214, -815.4529119017965, -870.613665318409, -785.6344661923382, -876.5613606774398, -816.3666072559138, -914.9023813090844, -853.320449099603, -843.9660706433491, -855.5800595837903, -908.260798662181, -864.3544508574557, -871.3716011215655, -860.6731665513573, -882.9560365806792, -894.6691648581486, -840.8278236819766, -863.3077488649593, -903.1923355681258, -889.0373343658791, -880.0967365930185, -830.4649562994146, -912.6630689335727, -901.3575485033563, -813.270847472823, -799.4908180999903, -854.7747269945398, -857.443804342096, -882.1365390109623, -894.1605906025637, -811.625719205179, -893.7062137018189, -883.277438787858, -805.9421461619768, -852.3722587115312, -890.5975202217736, -878.3512057600215, -865.942331178562, -861.932280253562, -911.7296712585704, -890.8715256428579, -873.6995739410585, -888.9234342605937, -909.5174575604784, -901.2984415407019, -888.2566456501403, -836.4520563002138, -903.3401029747623, -840.8912764094675, -834.9731345317647, -877.3857997997842, -865.6061682031261, -901.6093648548348, -899.4267046380703, -848.945277505631, -838.4641642529475, -791.092026388343, -880.0696379155986]","[200, 200, 200, 200, 200, 200, 200, 200, 200, 200, 200, 200, 200, 200, 200, 200, 200, 200, 200, 200, 200, 200, 200, 200, 200, 200, 200, 200, 200, 200, 200, 200, 200, 200, 200, 200, 200, 200, 200, 200, 200, 200, 200, 200, 200, 200, 200, 200, 200, 200, 200, 200, 200, 200, 200, 200, 200, 200, 200, 200, 200, 200, 200, 200, 200, 200, 200, 200, 200, 200, 200, 200, 200, 200, 200, 200, 200, 200, 200, 200, 200, 200, 200, 200, 200, 200, 200, 200, 200, 200, 200, 200, 200, 200, 200, 200, 200, 200, 200, 200]",0.11012864795551267,1.6535496539843293,0.07926550041096042,0.5929614904136256,0.0,4989.111,801.746,0.06,66260726.698,10823.024,369.582,2.225,92000,92000,92000,92000,41.083333333333336,16.9,0.0,0.20000000000000004,5.0000000000000016e-05,14702.178180128529,-0.0697073851752105,14702.244515498993,[-0.16038996],0.016990286838243808,3.574525398592795,0.0
-785.6344661923382,-920.2725442894329,-869.4576783265231,200.0,20,2,96000,96000,False,480,24,62f0d64527be4437b1317a44d00fb232,2021-09-16_23-32-31,1631860351,16.513577222824097,381.0460922718048,6801,a057c1642c41,172.17.0.2,381.0460922718048,0,24,"[-853.5870581641509, -850.9450794940144, -861.174344450407, -831.5806164150071, -893.9481788928547, -882.4253052003027, -905.586811706809, -849.3602497646065, -892.8048243120511, -872.5020220054157, -906.8440663928977, -845.4887108735912, -879.3708090750969, -880.1361412347882, -875.1095375864104, -895.7355691715292, -887.9783264090332, -891.565412930731, -864.7004649933343, -920.2725442894329, -845.4788597131486, -876.6377151570713, -849.7352215940214, -815.4529119017965, -870.613665318409, -785.6344661923382, -876.5613606774398, -816.3666072559138, -914.9023813090844, -853.320449099603, -843.9660706433491, -855.5800595837903, -908.260798662181, -864.3544508574557, -871.3716011215655, -860.6731665513573, -882.9560365806792, -894.6691648581486, -840.8278236819766, -863.3077488649593, -903.1923355681258, -889.0373343658791, -880.0967365930185, -830.4649562994146, -912.6630689335727, -901.3575485033563, -813.270847472823, -799.4908180999903, -854.7747269945398, -857.443804342096, -882.1365390109623, -894.1605906025637, -811.625719205179, -893.7062137018189, -883.277438787858, -805.9421461619768, -852.3722587115312, -890.5975202217736, -878.3512057600215, -865.942331178562, -861.932280253562, -911.7296712585704, -890.8715256428579, -873.6995739410585, -888.9234342605937, -909.5174575604784, -901.2984415407019, -888.2566456501403, -836.4520563002138, -903.3401029747623, -840.8912764094675, -834.9731345317647, -877.3857997997842, -865.6061682031261, -901.6093648548348, -899.4267046380703, -848.945277505631, -838.4641642529475, -791.092026388343, -880.0696379155986, -907.614308160403, -916.3320472753211, -897.2070945834433, -863.2086414727443, -830.31165155236, -898.0493770105566, -859.0827994815313, -866.2310973679027, -878.8006730529511, -899.2912431957839, -871.2897093015149, -912.8828769998164, -850.1304915321118, -895.2195985594099, -834.8666307830154, -846.5434050104129, -838.0768864591827, -864.5914744958649, -864.7152257615917, -875.1470832120634]","[200, 200, 200, 200, 200, 200, 200, 200, 200, 200, 200, 200, 200, 200, 200, 200, 200, 200, 200, 200, 200, 200, 200, 200, 200, 200, 200, 200, 200, 200, 200, 200, 200, 200, 200, 200, 200, 200, 200, 200, 200, 200, 200, 200, 200, 200, 200, 200, 200, 200, 200, 200, 200, 200, 200, 200, 200, 200, 200, 200, 200, 200, 200, 200, 200, 200, 200, 200, 200, 200, 200, 200, 200, 200, 200, 200, 200, 200, 200, 200, 200, 200, 200, 200, 200, 200, 200, 200, 200, 200, 200, 200, 200, 200, 200, 200, 200, 200, 200, 200]",0.11036078406381765,1.65680052675135,0.07944945288573817,0.5927654796991012,0.0,4974.854,804.044,0.061,65715691.344,10957.996,365.03,2.197,96000,96000,96000,96000,41.47391304347826,16.89999999999999,0.0,0.20000000000000004,5.0000000000000016e-05,15144.117855342742,-0.06835273204381348,15144.182884954636,[-0.21130835],0.01671578949155919,3.5630251656296434,0.0
-785.6344661923382,-916.3320472753211,-868.4176517914084,200.0,20,2,100000,100000,False,500,25,62f0d64527be4437b1317a44d00fb232,2021-09-16_23-32-47,1631860367,16.228601932525635,397.27469420433044,6801,a057c1642c41,172.17.0.2,397.27469420433044,0,25,"[-845.4788597131486, -876.6377151570713, -849.7352215940214, -815.4529119017965, -870.613665318409, -785.6344661923382, -876.5613606774398, -816.3666072559138, -914.9023813090844, -853.320449099603, -843.9660706433491, -855.5800595837903, -908.260798662181, -864.3544508574557, -871.3716011215655, -860.6731665513573, -882.9560365806792, -894.6691648581486, -840.8278236819766, -863.3077488649593, -903.1923355681258, -889.0373343658791, -880.0967365930185, -830.4649562994146, -912.6630689335727, -901.3575485033563, -813.270847472823, -799.4908180999903, -854.7747269945398, -857.443804342096, -882.1365390109623, -894.1605906025637, -811.625719205179, -893.7062137018189, -883.277438787858, -805.9421461619768, -852.3722587115312, -890.5975202217736, -878.3512057600215, -865.942331178562, -861.932280253562, -911.7296712585704, -890.8715256428579, -873.6995739410585, -888.9234342605937, -909.5174575604784, -901.2984415407019, -888.2566456501403, -836.4520563002138, -903.3401029747623, -840.8912764094675, -834.9731345317647, -877.3857997997842, -865.6061682031261, -901.6093648548348, -899.4267046380703, -848.945277505631, -838.4641642529475, -791.092026388343, -880.0696379155986, -907.614308160403, -916.3320472753211, -897.2070945834433, -863.2086414727443, -830.31165155236, -898.0493770105566, -859.0827994815313, -866.2310973679027, -878.8006730529511, -899.2912431957839, -871.2897093015149, -912.8828769998164, -850.1304915321118, -895.2195985594099, -834.8666307830154, -846.5434050104129, -838.0768864591827, -864.5914744958649, -864.7152257615917, -875.1470832120634, -837.014795965826, -851.6118681044682, -875.6655086280898, -874.1859910718507, -846.9774838024816, -899.2167477322688, -864.6358206902617, -842.3209104308925, -914.161693022906, -872.8973238883182, -900.6685708232977, -837.0498867875715, -905.5498618689469, -854.2815412398157, -903.628869164103, -893.3977451915936, -888.1802911705083, -874.1859910718507, -888.4715121637566, -813.0110070322065]","[200, 200, 200, 200, 200, 200, 200, 200, 200, 200, 200, 200, 200, 200, 200, 200, 200, 200, 200, 200, 200, 200, 200, 200, 200, 200, 200, 200, 200, 200, 200, 200, 200, 200, 200, 200, 200, 200, 200, 200, 200, 200, 200, 200, 200, 200, 200, 200, 200, 200, 200, 200, 200, 200, 200, 200, 200, 200, 200, 200, 200, 200, 200, 200, 200, 200, 200, 200, 200, 200, 200, 200, 200, 200, 200, 200, 200, 200, 200, 200, 200, 200, 200, 200, 200, 200, 200, 200, 200, 200, 200, 200, 200, 200, 200, 200, 200, 200, 200, 200]",0.11050465115095413,1.6590869072658132,0.07956363343874592,0.5924886096114323,0.0,5000.922,799.852,0.061,66000062.943,11058.943,361.698,2.2,100000,100000,100000,100000,41.53333333333333,16.9,0.0,0.20000000000000004,5.0000000000000016e-05,15015.892943023353,-0.0698075030554807,15015.959330897178,[-0.19939274],0.016942579566909834,3.517333995398655,0.0
-791.092026388343,-916.3320472753211,-870.1254194727677,200.0,20,2,104000,104000,False,520,26,62f0d64527be4437b1317a44d00fb232,2021-09-16_23-33-05,1631860385,17.494951009750366,414.7696452140808,6801,a057c1642c41,172.17.0.2,414.7696452140808,0,26,"[-903.1923355681258, -889.0373343658791, -880.0967365930185, -830.4649562994146, -912.6630689335727, -901.3575485033563, -813.270847472823, -799.4908180999903, -854.7747269945398, -857.443804342096, -882.1365390109623, -894.1605906025637, -811.625719205179, -893.7062137018189, -883.277438787858, -805.9421461619768, -852.3722587115312, -890.5975202217736, -878.3512057600215, -865.942331178562, -861.932280253562, -911.7296712585704, -890.8715256428579, -873.6995739410585, -888.9234342605937, -909.5174575604784, -901.2984415407019, -888.2566456501403, -836.4520563002138, -903.3401029747623, -840.8912764094675, -834.9731345317647, -877.3857997997842, -865.6061682031261, -901.6093648548348, -899.4267046380703, -848.945277505631, -838.4641642529475, -791.092026388343, -880.0696379155986, -907.614308160403, -916.3320472753211, -897.2070945834433, -863.2086414727443, -830.31165155236, -898.0493770105566, -859.0827994815313, -866.2310973679027, -878.8006730529511, -899.2912431957839, -871.2897093015149, -912.8828769998164, -850.1304915321118, -895.2195985594099, -834.8666307830154, -846.5434050104129, -838.0768864591827, -864.5914744958649, -864.7152257615917, -875.1470832120634, -837.014795965826, -851.6118681044682, -875.6655086280898, -874.1859910718507, -846.9774838024816, -899.2167477322688, -864.6358206902617, -842.3209104308925, -914.161693022906, -872.8973238883182, -900.6685708232977, -837.0498867875715, -905.5498618689469, -854.2815412398157, -903.628869164103, -893.3977451915936, -888.1802911705083, -874.1859910718507, -888.4715121637566, -813.0110070322065, -887.7979229845587, -834.0692903380907, -864.1450897394449, -889.6444202258871, -874.3984027815595, -851.5232076604864, -880.7241205617026, -833.6844673482325, -853.5008525240773, -874.7912179157429, -901.1377404371124, -831.1883970686156, -894.1901440838914, -816.1917411718591, -892.1207881846201, -903.8954782286512, -884.2502411046304, -848.7451717602719, -878.0107289645614, -867.4379046761973]","[200, 200, 200, 200, 200, 200, 200, 200, 200, 200, 200, 200, 200, 200, 200, 200, 200, 200, 200, 200, 200, 200, 200, 200, 200, 200, 200, 200, 200, 200, 200, 200, 200, 200, 200, 200, 200, 200, 200, 200, 200, 200, 200, 200, 200, 200, 200, 200, 200, 200, 200, 200, 200, 200, 200, 200, 200, 200, 200, 200, 200, 200, 200, 200, 200, 200, 200, 200, 200, 200, 200, 200, 200, 200, 200, 200, 200, 200, 200, 200, 200, 200, 200, 200, 200, 200, 200, 200, 200, 200, 200, 200, 200, 200, 200, 200, 200, 200, 200, 200]",0.11059875994788607,1.6604312019791325,0.07963497629010852,0.5919824743381612,0.0,5009.347,798.507,0.061,65280996.109,11288.197,354.352,2.192,104000,104000,104000,104000,42.092,16.9,0.0,0.20000000000000004,5.0000000000000016e-05,15868.364874726982,-0.06718389697232714,15868.428781292003,[-0.31575283],0.01660922774808463,3.464863960717314,0.0
-791.092026388343,-917.5837646209912,-871.5990532866507,200.0,20,2,108000,108000,False,540,27,62f0d64527be4437b1317a44d00fb232,2021-09-16_23-33-22,1631860402,16.95747447013855,431.72711968421936,6801,a057c1642c41,172.17.0.2,431.72711968421936,0,27,"[-861.932280253562, -911.7296712585704, -890.8715256428579, -873.6995739410585, -888.9234342605937, -909.5174575604784, -901.2984415407019, -888.2566456501403, -836.4520563002138, -903.3401029747623, -840.8912764094675, -834.9731345317647, -877.3857997997842, -865.6061682031261, -901.6093648548348, -899.4267046380703, -848.945277505631, -838.4641642529475, -791.092026388343, -880.0696379155986, -907.614308160403, -916.3320472753211, -897.2070945834433, -863.2086414727443, -830.31165155236, -898.0493770105566, -859.0827994815313, -866.2310973679027, -878.8006730529511, -899.2912431957839, -871.2897093015149, -912.8828769998164, -850.1304915321118, -895.2195985594099, -834.8666307830154, -846.5434050104129, -838.0768864591827, -864.5914744958649, -864.7152257615917, -875.1470832120634, -837.014795965826, -851.6118681044682, -875.6655086280898, -874.1859910718507, -846.9774838024816, -899.2167477322688, -864.6358206902617, -842.3209104308925, -914.161693022906, -872.8973238883182, -900.6685708232977, -837.0498867875715, -905.5498618689469, -854.2815412398157, -903.628869164103, -893.3977451915936, -888.1802911705083, -874.1859910718507, -888.4715121637566, -813.0110070322065, -887.7979229845587, -834.0692903380907, -864.1450897394449, -889.6444202258871, -874.3984027815595, -851.5232076604864, -880.7241205617026, -833.6844673482325, -853.5008525240773, -874.7912179157429, -901.1377404371124, -831.1883970686156, -894.1901440838914, -816.1917411718591, -892.1207881846201, -903.8954782286512, -884.2502411046304, -848.7451717602719, -878.0107289645614, -867.4379046761973, -897.377646847475, -848.9304847925612, -909.7520263949796, -897.1479876207889, -890.970633035073, -862.3571036729801, -867.6927716193741, -868.0652886448813, -883.4252061944942, -873.0352401345118, -858.1770962717393, -849.0640872187305, -846.5600247947864, -854.6171084274603, -872.4527662032037, -886.8916239869761, -852.0342367199776, -880.8127810056842, -830.3196436966863, -917.5837646209912]","[200, 200, 200, 200, 200, 200, 200, 200, 200, 200, 200, 200, 200, 200, 200, 200, 200, 200, 200, 200, 200, 200, 200, 200, 200, 200, 200, 200, 200, 200, 200, 200, 200, 200, 200, 200, 200, 200, 200, 200, 200, 200, 200, 200, 200, 200, 200, 200, 200, 200, 200, 200, 200, 200, 200, 200, 200, 200, 200, 200, 200, 200, 200, 200, 200, 200, 200, 200, 200, 200, 200, 200, 200, 200, 200, 200, 200, 200, 200, 200, 200, 200, 200, 200, 200, 200, 200, 200, 200, 200, 200, 200, 200, 200, 200, 200, 200, 200, 200, 200]",0.11065896504123712,1.6610245590796686,0.07968238504981483,0.5913983194552064,0.0,5025.596,795.925,0.065,61253070.464,11484.819,348.286,2.173,108000,108000,108000,108000,41.93333333333334,16.904166666666665,0.0,0.20000000000000004,5.0000000000000016e-05,14679.579299237652,-0.06514259816537941,14679.641283654653,[-0.23185182],0.01586363173479211,3.4310076398234215,0.0
-813.0110070322065,-922.2624951173735,-871.5073188553143,200.0,20,2,112000,112000,False,560,28,62f0d64527be4437b1317a44d00fb232,2021-09-16_23-33-38,1631860418,16.50107169151306,448.2281913757324,6801,a057c1642c41,172.17.0.2,448.2281913757324,0,28,"[-907.614308160403, -916.3320472753211, -897.2070945834433, -863.2086414727443, -830.31165155236, -898.0493770105566, -859.0827994815313, -866.2310973679027, -878.8006730529511, -899.2912431957839, -871.2897093015149, -912.8828769998164, -850.1304915321118, -895.2195985594099, -834.8666307830154, -846.5434050104129, -838.0768864591827, -864.5914744958649, -864.7152257615917, -875.1470832120634, -837.014795965826, -851.6118681044682, -875.6655086280898, -874.1859910718507, -846.9774838024816, -899.2167477322688, -864.6358206902617, -842.3209104308925, -914.161693022906, -872.8973238883182, -900.6685708232977, -837.0498867875715, -905.5498618689469, -854.2815412398157, -903.628869164103, -893.3977451915936, -888.1802911705083, -874.1859910718507, -888.4715121637566, -813.0110070322065, -887.7979229845587, -834.0692903380907, -864.1450897394449, -889.6444202258871, -874.3984027815595, -851.5232076604864, -880.7241205617026, -833.6844673482325, -853.5008525240773, -874.7912179157429, -901.1377404371124, -831.1883970686156, -894.1901440838914, -816.1917411718591, -892.1207881846201, -903.8954782286512, -884.2502411046304, -848.7451717602719, -878.0107289645614, -867.4379046761973, -897.377646847475, -848.9304847925612, -909.7520263949796, -897.1479876207889, -890.970633035073, -862.3571036729801, -867.6927716193741, -868.0652886448813, -883.4252061944942, -873.0352401345118, -858.1770962717393, -849.0640872187305, -846.5600247947864, -854.6171084274603, -872.4527662032037, -886.8916239869761, -852.0342367199776, -880.8127810056842, -830.3196436966863, -917.5837646209912, -826.4573601783225, -869.519566539818, -856.512861471002, -922.2624951173735, -868.6877630057503, -913.0928339056179, -854.3868534129837, -871.0132810213368, -879.2033393475768, -874.8330773614194, -867.9963305217846, -860.5592664460727, -874.4107087459089, -821.5095658134843, -844.4321577206531, -869.0159338368608, -891.0543838712393, -885.2249024375186, -899.7037606508517, -885.4348593433198]","[200, 200, 200, 200, 200, 200, 200, 200, 200, 200, 200, 200, 200, 200, 200, 200, 200, 200, 200, 200, 200, 200, 200, 200, 200, 200, 200, 200, 200, 200, 200, 200, 200, 200, 200, 200, 200, 200, 200, 200, 200, 200, 200, 200, 200, 200, 200, 200, 200, 200, 200, 200, 200, 200, 200, 200, 200, 200, 200, 200, 200, 200, 200, 200, 200, 200, 200, 200, 200, 200, 200, 200, 200, 200, 200, 200, 200, 200, 200, 200, 200, 200, 200, 200, 200, 200, 200, 200, 200, 200, 200, 200, 200, 200, 200, 200, 200, 200, 200, 200]",0.11070732320904252,1.6611990009106332,0.07970198612436137,0.5906798581595135,0.0,5022.199,796.464,0.065,61365091.441,11630.349,343.928,2.145,112000,112000,112000,112000,41.395833333333336,16.9,0.0,0.20000000000000004,5.0000000000000016e-05,14851.932877079133,-0.07237442078128938,14852.001434391801,[-0.22722198],0.01924713509500798,3.39941120711706,0.0
-813.0110070322065,-922.2624951173735,-870.6055735756427,200.0,20,2,116000,116000,False,580,29,62f0d64527be4437b1317a44d00fb232,2021-09-16_23-33-54,1631860434,15.200437545776367,463.4286289215088,6801,a057c1642c41,172.17.0.2,463.4286289215088,0,29,"[-837.014795965826, -851.6118681044682, -875.6655086280898, -874.1859910718507, -846.9774838024816, -899.2167477322688, -864.6358206902617, -842.3209104308925, -914.161693022906, -872.8973238883182, -900.6685708232977, -837.0498867875715, -905.5498618689469, -854.2815412398157, -903.628869164103, -893.3977451915936, -888.1802911705083, -874.1859910718507, -888.4715121637566, -813.0110070322065, -887.7979229845587, -834.0692903380907, -864.1450897394449, -889.6444202258871, -874.3984027815595, -851.5232076604864, -880.7241205617026, -833.6844673482325, -853.5008525240773, -874.7912179157429, -901.1377404371124, -831.1883970686156, -894.1901440838914, -816.1917411718591, -892.1207881846201, -903.8954782286512, -884.2502411046304, -848.7451717602719, -878.0107289645614, -867.4379046761973, -897.377646847475, -848.9304847925612, -909.7520263949796, -897.1479876207889, -890.970633035073, -862.3571036729801, -867.6927716193741, -868.0652886448813, -883.4252061944942, -873.0352401345118, -858.1770962717393, -849.0640872187305, -846.5600247947864, -854.6171084274603, -872.4527662032037, -886.8916239869761, -852.0342367199776, -880.8127810056842, -830.3196436966863, -917.5837646209912, -826.4573601783225, -869.519566539818, -856.512861471002, -922.2624951173735, -868.6877630057503, -913.0928339056179, -854.3868534129837, -871.0132810213368, -879.2033393475768, -874.8330773614194, -867.9963305217846, -860.5592664460727, -874.4107087459089, -821.5095658134843, -844.4321577206531, -869.0159338368608, -891.0543838712393, -885.2249024375186, -899.7037606508517, -885.4348593433198, -884.3161486360283, -833.4720556385242, -879.5044115012671, -880.2697436609575, -862.406359475192, -861.9544373783542, -865.3845011207654, -876.403114377757, -890.6270737031015, -875.1095375864102, -885.8997151371105, -826.8870932055557, -829.2895934333764, -874.4599645481215, -852.0440878804203, -863.7498198013552, -877.6868719534749, -903.8782307116741, -909.9816856216657, -846.0933419296922]","[200, 200, 200, 200, 200, 200, 200, 200, 200, 200, 200, 200, 200, 200, 200, 200, 200, 200, 200, 200, 200, 200, 200, 200, 200, 200, 200, 200, 200, 200, 200, 200, 200, 200, 200, 200, 200, 200, 200, 200, 200, 200, 200, 200, 200, 200, 200, 200, 200, 200, 200, 200, 200, 200, 200, 200, 200, 200, 200, 200, 200, 200, 200, 200, 200, 200, 200, 200, 200, 200, 200, 200, 200, 200, 200, 200, 200, 200, 200, 200, 200, 200, 200, 200, 200, 200, 200, 200, 200, 200, 200, 200, 200, 200, 200, 200, 200, 200, 200, 200]",0.11068145750471636,1.6603302263311628,0.0796738160999808,0.5897918707038902,0.0,5005.008,799.199,0.065,61680941.176,11474.457,348.6,2.089,116000,116000,116000,116000,40.833333333333336,16.899999999999995,0.0,0.20000000000000004,5.0000000000000016e-05,14135.641479754704,-0.06710382947417837,14135.70500829553,[-0.19592868],0.017694905490379012,3.394227474222901,0.0
-816.1917411718591,-922.2624951173735,-869.9248841068326,200.0,20,2,120000,120000,False,600,30,62f0d64527be4437b1317a44d00fb232,2021-09-16_23-34-09,1631860449,15.45190715789795,478.88053607940674,6801,a057c1642c41,172.17.0.2,478.88053607940674,0,30,"[-887.7979229845587, -834.0692903380907, -864.1450897394449, -889.6444202258871, -874.3984027815595, -851.5232076604864, -880.7241205617026, -833.6844673482325, -853.5008525240773, -874.7912179157429, -901.1377404371124, -831.1883970686156, -894.1901440838914, -816.1917411718591, -892.1207881846201, -903.8954782286512, -884.2502411046304, -848.7451717602719, -878.0107289645614, -867.4379046761973, -897.377646847475, -848.9304847925612, -909.7520263949796, -897.1479876207889, -890.970633035073, -862.3571036729801, -867.6927716193741, -868.0652886448813, -883.4252061944942, -873.0352401345118, -858.1770962717393, -849.0640872187305, -846.5600247947864, -854.6171084274603, -872.4527662032037, -886.8916239869761, -852.0342367199776, -880.8127810056842, -830.3196436966863, -917.5837646209912, -826.4573601783225, -869.519566539818, -856.512861471002, -922.2624951173735, -868.6877630057503, -913.0928339056179, -854.3868534129837, -871.0132810213368, -879.2033393475768, -874.8330773614194, -867.9963305217846, -860.5592664460727, -874.4107087459089, -821.5095658134843, -844.4321577206531, -869.0159338368608, -891.0543838712393, -885.2249024375186, -899.7037606508517, -885.4348593433198, -884.3161486360283, -833.4720556385242, -879.5044115012671, -880.2697436609575, -862.406359475192, -861.9544373783542, -865.3845011207654, -876.403114377757, -890.6270737031015, -875.1095375864102, -885.8997151371105, -826.8870932055557, -829.2895934333764, -874.4599645481215, -852.0440878804203, -863.7498198013552, -877.6868719534749, -903.8782307116741, -909.9816856216657, -846.0933419296922, -881.0670841058821, -883.5286593515458, -856.2166989251265, -870.0601490806365, -836.4175612662594, -886.8349718282296, -838.4321559677127, -898.9181303824856, -878.6473683058964, -856.1551371585642, -854.8239827967518, -867.6306140650208, -869.5540615737726, -885.2322987940531, -851.1131450093258, -893.8071801101498, -859.4559122948293, -886.4520078544884, -837.5707670075059, -877.1265870917705]","[200, 200, 200, 200, 200, 200, 200, 200, 200, 200, 200, 200, 200, 200, 200, 200, 200, 200, 200, 200, 200, 200, 200, 200, 200, 200, 200, 200, 200, 200, 200, 200, 200, 200, 200, 200, 200, 200, 200, 200, 200, 200, 200, 200, 200, 200, 200, 200, 200, 200, 200, 200, 200, 200, 200, 200, 200, 200, 200, 200, 200, 200, 200, 200, 200, 200, 200, 200, 200, 200, 200, 200, 200, 200, 200, 200, 200, 200, 200, 200, 200, 200, 200, 200, 200, 200, 200, 200, 200, 200, 200, 200, 200, 200, 200, 200, 200, 200, 200, 200]",0.1106320826162859,1.659358093508049,0.07963926504309389,0.5889484951142362,0.0,4982.836,802.756,0.065,61908546.125,11360.083,352.11,2.053,120000,120000,120000,120000,40.730434782608704,16.89999999999999,0.0,0.20000000000000004,5.0000000000000016e-05,12466.566728358115,-0.07342561249050401,12466.636734763524,[-0.11928777],0.01702869422028463,3.343127867996052,0.0
